Temperature,Humidity,Moisture,Soil Type,Crop Type,N,P,K,Fertilizer Name
21,62,26,Black,Rice,20,83,19,DAP
24,50,34,Loamy,Groundnuts,46,46,10,20-20
39,71,69,Black,Chickpea,24,43,45,10-26-26
21,41,53,Loamy,Tobacco,26,67,22,14-35-14
28,78,22,Black,Sugarcane,53,67,25,28-28
30,45,47,Clayey,Oil seeds,38,37,46,17-17-17
28,67,39,Black,Sugarcane,83,29,23,Urea
16,56,51,Clayey,Oil seeds,12,79,29,DAP
21,47,28,Loamy,Sugarcane,95,10,15,Urea
15,73,42,Sandy,Pulses,33,49,37,17-17-17
30,66,29,Sandy,Pulses,27,40,56,10-26-26
16,80,25,Loamy,Tobacco,59,71,26,28-28
22,86,69,Red,Groundnuts,38,41,47,17-17-17
24,92,28,Sandy,Barley,91,11,17,Urea
23,42,28,Red,Sugarcane,17,88,12,DAP
22,74,64,Sandy,Cotton,79,72,22,28-28
24,47,31,Sandy,Oil seeds,58,42,23,20-20
23,41,30,Sandy,Barley,50,48,24,20-20
18,79,62,Sandy,Tobacco,57,59,24,28-28
28,46,55,Sandy,Oil seeds,57,52,27,28-28
29,77,28,Clayey,Maize,24,58,45,10-26-26
19,93,26,Red,Wheat,11,65,13,14-35-14
37,64,20,Loamy,Sugarcane,43,43,49,17-17-17
22,87,25,Clayey,Oil seeds,91,11,25,Urea
15,89,31,Clayey,Rice,24,50,19,14-35-14
26,34,25,Black,Rice,78,72,16,28-28
18,54,42,Loamy,Wheat,23,53,49,10-26-26
17,42,53,Black,Tobacco,24,47,44,10-26-26
24,70,25,Sandy,Sugarcane,18,63,27,14-35-14
15,85,55,Sandy,Wheat,22,91,13,DAP
28,70,21,Sandy,Pulses,21,41,42,10-26-26
30,56,21,Black,Groundnuts,74,50,11,28-28
27,77,69,Loamy,Chickpea,28,79,25,DAP
23,78,63,Loamy,Oil seeds,16,67,15,14-35-14
33,86,47,Black,Groundnuts,36,39,39,17-17-17
19,49,32,Red,Pulses,12,90,12,DAP
18,86,56,Black,Pulses,48,35,42,17-17-17
20,71,20,Black,Wheat,43,33,41,17-17-17
29,68,44,Red,Cotton,97,27,26,Urea
19,94,27,Loamy,Tobacco,21,52,10,14-35-14
26,30,49,Black,Maize,48,44,13,20-20
34,60,49,Clayey,Rice,17,67,25,14-35-14
33,38,36,Loamy,Rice,16,96,19,DAP
39,39,43,Sandy,Oil seeds,36,40,37,17-17-17
21,77,32,Black,Groundnuts,20,45,45,10-26-26
39,63,31,Black,Chickpea,93,12,15,Urea
35,88,53,Loamy,Groundnuts,25,67,18,14-35-14
38,30,25,Sandy,Pulses,25,57,42,10-26-26
34,76,40,Black,Tobacco,20,57,14,14-35-14
34,63,62,Red,Cotton,78,66,11,28-28
23,76,39,Loamy,Chickpea,94,23,20,Urea
24,63,33,Sandy,Chickpea,23,47,43,10-26-26
36,74,69,Black,Pulses,87,24,14,Urea
29,43,50,Loamy,Pulses,43,54,17,20-20
29,78,35,Clayey,Groundnuts,38,49,32,17-17-17
28,65,44,Red,Groundnuts,77,12,28,Urea
24,53,36,Red,Cotton,28,65,26,14-35-14
26,34,24,Red,Tobacco,46,53,20,20-20
17,77,26,Red,Tobacco,24,40,48,10-26-26
23,55,54,Clayey,Maize,19,76,24,DAP
22,88,21,Sandy,Barley,29,95,12,DAP
23,51,25,Black,Rice,49,46,39,17-17-17
39,51,46,Black,Maize,21,51,55,10-26-26
18,41,68,Red,Wheat,22,84,25,DAP
24,54,53,Sandy,Tobacco,27,55,40,10-26-26
36,65,24,Red,Tobacco,14,51,43,10-26-26
15,69,58,Clayey,Cotton,33,39,49,17-17-17
33,49,65,Clayey,Chickpea,26,52,54,10-26-26
24,94,68,Clayey,Sugarcane,38,32,40,17-17-17
16,60,23,Red,Pulses,43,30,31,17-17-17
26,70,29,Loamy,Chickpea,14,78,22,DAP
31,33,57,Black,Pulses,63,57,25,28-28
28,41,46,Red,Maize,14,49,45,10-26-26
23,74,48,Loamy,Sugarcane,25,89,17,DAP
34,58,33,Red,Rice,26,56,10,14-35-14
21,75,43,Sandy,Maize,23,50,14,14-35-14
24,55,37,Clayey,Wheat,31,47,38,17-17-17
30,94,47,Red,Sugarcane,29,95,26,DAP
18,57,22,Sandy,Maize,72,69,29,28-28
38,66,64,Clayey,Barley,13,40,45,10-26-26
39,39,54,Black,Cotton,52,44,22,20-20
17,46,28,Sandy,Groundnuts,41,33,39,17-17-17
39,57,67,Clayey,Rice,18,90,29,DAP
20,67,32,Black,Wheat,32,39,47,17-17-17
39,32,37,Clayey,Barley,44,41,30,17-17-17
29,31,61,Loamy,Tobacco,13,87,22,DAP
16,88,41,Loamy,Wheat,54,61,10,28-28
26,52,61,Loamy,Cotton,25,75,22,DAP
36,61,36,Clayey,Sugarcane,44,59,15,20-20
36,92,26,Sandy,Wheat,26,56,52,10-26-26
23,76,40,Clayey,Tobacco,43,45,32,17-17-17
39,32,55,Loamy,Pulses,12,70,12,DAP
19,93,50,Sandy,Chickpea,13,41,53,10-26-26
34,75,44,Clayey,Maize,24,50,49,10-26-26
31,43,64,Loamy,Barley,43,30,38,17-17-17
39,79,57,Clayey,Tobacco,11,47,45,10-26-26
21,77,68,Black,Chickpea,31,44,45,17-17-17
21,63,60,Loamy,Cotton,27,45,57,10-26-26
29,88,30,Clayey,Cotton,44,46,17,20-20
39,30,59,Red,Barley,67,63,15,28-28
31,61,52,Sandy,Rice,19,67,21,14-35-14
39,31,54,Loamy,Pulses,27,98,18,DAP
33,77,21,Loamy,Tobacco,21,58,54,10-26-26
18,38,31,Black,Wheat,15,60,19,14-35-14
30,92,56,Loamy,Groundnuts,44,40,14,20-20
29,60,30,Clayey,Maize,35,47,39,17-17-17
30,73,48,Loamy,Groundnuts,22,69,12,14-35-14
33,37,55,Sandy,Rice,37,43,39,17-17-17
39,90,64,Loamy,Barley,13,65,13,14-35-14
17,81,23,Clayey,Rice,25,56,45,10-26-26
37,39,42,Red,Oil seeds,40,52,11,20-20
21,43,54,Black,Rice,43,40,39,17-17-17
22,67,45,Clayey,Maize,90,12,24,Urea
33,83,37,Sandy,Oil seeds,11,58,27,14-35-14
33,34,25,Clayey,Maize,53,64,20,28-28
37,73,34,Clayey,Barley,23,73,29,DAP
27,56,45,Loamy,Pulses,18,60,11,14-35-14
27,35,66,Clayey,Wheat,37,30,35,17-17-17
34,81,56,Red,Pulses,78,21,28,Urea
23,93,61,Clayey,Chickpea,17,79,24,DAP
16,30,63,Black,Oil seeds,44,48,13,20-20
29,76,45,Black,Rice,50,46,11,20-20
23,70,40,Clayey,Pulses,12,69,23,14-35-14
26,92,42,Red,Oil seeds,47,50,17,20-20
31,53,41,Red,Cotton,48,44,15,20-20
16,31,41,Clayey,Rice,41,58,12,20-20
23,81,50,Red,Rice,46,59,15,20-20
32,44,52,Loamy,Cotton,14,88,19,DAP
33,74,47,Clayey,Wheat,59,54,26,20-20
32,46,23,Black,Tobacco,39,46,34,17-17-17
23,52,50,Sandy,Wheat,18,68,28,14-35-14
19,35,53,Red,Rice,12,58,47,10-26-26
38,34,30,Sandy,Chickpea,35,35,31,17-17-17
26,31,59,Black,Sugarcane,52,47,24,20-20
18,63,66,Clayey,Tobacco,95,11,20,Urea
30,38,53,Clayey,Rice,59,50,20,28-28
26,64,42,Black,Maize,49,36,38,17-17-17
31,91,49,Loamy,Barley,14,46,58,10-26-26
18,55,52,Clayey,Sugarcane,48,47,48,17-17-17
37,84,62,Black,Cotton,58,57,11,28-28
18,34,60,Red,Wheat,48,41,10,20-20
38,92,37,Red,Maize,40,30,44,17-17-17
24,94,21,Sandy,Barley,22,89,29,DAP
38,59,39,Sandy,Tobacco,32,46,41,17-17-17
21,89,68,Loamy,Barley,27,91,15,DAP
16,83,54,Red,Rice,27,53,50,10-26-26
15,91,45,Red,Rice,49,37,48,17-17-17
27,92,37,Clayey,Rice,18,54,11,14-35-14
34,41,30,Loamy,Oil seeds,63,54,19,28-28
24,60,41,Red,Groundnuts,79,15,24,Urea
37,87,41,Clayey,Tobacco,98,29,13,Urea
29,60,59,Red,Tobacco,49,37,40,17-17-17
27,87,45,Clayey,Maize,56,45,24,20-20
20,30,58,Loamy,Groundnuts,30,47,34,17-17-17
34,51,50,Black,Cotton,84,15,26,Urea
15,73,28,Red,Oil seeds,42,40,20,20-20
24,71,41,Clayey,Maize,82,22,22,Urea
34,82,47,Red,Tobacco,14,59,46,10-26-26
20,31,34,Clayey,Tobacco,61,68,20,28-28
16,53,29,Red,Wheat,20,49,56,10-26-26
19,57,63,Red,Chickpea,14,52,17,14-35-14
33,77,65,Black,Sugarcane,37,41,44,17-17-17
18,84,22,Red,Barley,27,45,58,10-26-26
33,67,30,Sandy,Tobacco,24,55,21,14-35-14
28,88,31,Red,Cotton,25,96,27,DAP
38,54,36,Red,Groundnuts,17,46,48,10-26-26
30,47,50,Loamy,Chickpea,37,43,36,17-17-17
18,49,30,Black,Tobacco,70,63,22,28-28
15,47,66,Loamy,Rice,67,56,21,28-28
22,94,32,Black,Barley,54,54,15,20-20
27,83,63,Clayey,Groundnuts,56,77,21,28-28
38,64,29,Black,Groundnuts,13,74,18,DAP
32,68,61,Sandy,Chickpea,21,92,16,DAP
32,70,49,Sandy,Sugarcane,59,49,14,20-20
19,80,61,Sandy,Groundnuts,79,14,16,Urea
25,89,51,Sandy,Groundnuts,41,42,22,20-20
32,72,59,Loamy,Groundnuts,15,40,53,10-26-26
28,71,25,Black,Maize,45,35,30,17-17-17
19,70,26,Sandy,Barley,71,20,23,Urea
35,94,53,Sandy,Groundnuts,55,46,19,20-20
35,89,55,Black,Cotton,18,55,26,14-35-14
18,85,54,Clayey,Groundnuts,97,25,12,Urea
17,88,44,Clayey,Chickpea,30,35,32,17-17-17
38,67,43,Sandy,Barley,40,39,36,17-17-17
20,74,47,Sandy,Rice,81,13,12,Urea
17,69,65,Sandy,Pulses,29,62,28,14-35-14
33,73,21,Sandy,Oil seeds,75,13,13,Urea
15,33,66,Sandy,Pulses,29,53,10,14-35-14
34,45,56,Black,Oil seeds,19,56,51,10-26-26
35,37,61,Clayey,Rice,24,52,47,10-26-26
17,92,62,Loamy,Oil seeds,60,58,13,28-28
38,63,21,Black,Pulses,28,83,20,DAP
31,43,36,Loamy,Pulses,24,51,50,10-26-26
30,63,59,Red,Groundnuts,15,41,41,10-26-26
18,90,30,Sandy,Cotton,29,56,27,14-35-14
16,57,67,Black,Cotton,24,63,26,14-35-14
39,32,24,Black,Sugarcane,11,50,23,14-35-14
24,45,59,Sandy,Tobacco,10,59,21,14-35-14
23,48,58,Clayey,Groundnuts,51,53,12,28-28
36,65,69,Red,Tobacco,10,65,20,14-35-14
36,38,39,Loamy,Wheat,45,41,21,20-20
27,42,61,Clayey,Groundnuts,56,44,29,20-20
18,76,44,Loamy,Maize,20,82,20,DAP
35,74,57,Black,Maize,21,82,18,DAP
27,52,59,Black,Chickpea,20,59,24,14-35-14
29,61,57,Clayey,Maize,22,58,48,10-26-26
32,57,32,Clayey,Rice,46,48,25,20-20
16,88,23,Loamy,Pulses,90,27,28,Urea
29,85,65,Black,Chickpea,79,11,16,Urea
25,47,65,Red,Oil seeds,12,66,16,14-35-14
18,81,67,Clayey,Oil seeds,42,56,21,20-20
37,57,37,Clayey,Sugarcane,16,79,16,DAP
31,75,28,Sandy,Tobacco,26,80,10,DAP
20,88,25,Clayey,Rice,28,57,27,14-35-14
33,46,67,Clayey,Wheat,58,58,26,28-28
38,37,63,Red,Chickpea,56,55,21,20-20
29,33,45,Clayey,Sugarcane,65,59,29,28-28
23,84,47,Red,Groundnuts,15,43,48,10-26-26
30,57,34,Clayey,Oil seeds,12,95,21,DAP
15,87,43,Clayey,Sugarcane,56,56,12,20-20
15,46,50,Sandy,Oil seeds,23,76,28,DAP
32,92,68,Loamy,Tobacco,15,44,41,10-26-26
37,76,34,Black,Pulses,16,68,16,14-35-14
30,76,31,Black,Maize,28,69,24,14-35-14
30,89,21,Black,Cotton,40,46,32,17-17-17
26,71,50,Loamy,Pulses,19,44,54,10-26-26
16,78,42,Sandy,Cotton,60,57,24,28-28
32,78,41,Clayey,Sugarcane,24,62,27,14-35-14
38,61,46,Clayey,Chickpea,16,51,43,10-26-26
19,45,30,Black,Pulses,23,67,16,14-35-14
24,37,45,Black,Groundnuts,11,85,26,DAP
16,46,28,Black,Groundnuts,73,52,15,28-28
25,31,40,Red,Tobacco,11,48,53,10-26-26
16,52,63,Loamy,Groundnuts,36,33,43,17-17-17
28,90,40,Loamy,Oil seeds,88,25,24,Urea
26,44,36,Loamy,Barley,70,67,17,28-28
18,44,58,Loamy,Chickpea,15,53,44,10-26-26
33,80,40,Black,Pulses,11,51,51,10-26-26
27,43,30,Black,Tobacco,22,96,18,DAP
28,82,47,Loamy,Cotton,75,51,25,28-28
29,74,26,Loamy,Pulses,46,52,11,20-20
26,85,29,Sandy,Chickpea,67,56,26,28-28
15,91,58,Red,Maize,20,57,45,10-26-26
23,39,30,Red,Cotton,59,70,11,28-28
21,77,29,Sandy,Chickpea,70,16,13,Urea
16,83,52,Red,Cotton,13,56,52,10-26-26
24,69,26,Loamy,Wheat,54,54,24,28-28
31,83,37,Red,Oil seeds,60,62,24,28-28
21,51,66,Black,Sugarcane,50,48,14,20-20
15,83,65,Clayey,Tobacco,68,62,10,28-28
28,81,51,Sandy,Sugarcane,67,58,17,28-28
22,90,63,Sandy,Maize,30,42,39,17-17-17
25,54,65,Sandy,Oil seeds,65,59,21,28-28
39,34,31,Red,Maize,29,56,10,14-35-14
30,59,28,Clayey,Chickpea,54,77,10,28-28
28,57,56,Loamy,Pulses,45,49,33,17-17-17
33,46,37,Clayey,Oil seeds,14,65,28,14-35-14
33,71,48,Loamy,Oil seeds,17,57,48,10-26-26
30,81,58,Loamy,Rice,93,22,20,Urea
28,71,43,Red,Chickpea,29,65,11,14-35-14
24,92,45,Black,Maize,18,68,29,14-35-14
34,53,57,Black,Chickpea,35,49,30,17-17-17
18,49,35,Loamy,Chickpea,56,60,20,28-28
19,51,60,Clayey,Sugarcane,46,55,24,20-20
22,89,25,Loamy,Wheat,35,32,35,17-17-17
20,59,41,Red,Groundnuts,32,46,35,17-17-17
21,83,46,Black,Cotton,28,41,47,10-26-26
24,48,37,Red,Barley,95,14,29,Urea
33,56,29,Sandy,Sugarcane,11,75,12,DAP
27,77,32,Sandy,Groundnuts,16,45,45,10-26-26
16,80,45,Loamy,Chickpea,28,67,15,14-35-14
25,37,69,Red,Barley,54,45,12,20-20
19,87,48,Sandy,Chickpea,26,53,16,14-35-14
32,64,41,Loamy,Cotton,27,87,22,DAP
27,75,66,Sandy,Wheat,30,33,30,17-17-17
18,91,45,Sandy,Barley,28,42,57,10-26-26
29,59,21,Black,Barley,61,66,15,28-28
29,69,32,Clayey,Chickpea,16,99,20,DAP
33,42,41,Black,Rice,10,58,55,10-26-26
27,59,65,Red,Groundnuts,27,79,26,DAP
17,63,41,Loamy,Chickpea,28,76,14,DAP
25,92,20,Loamy,Groundnuts,32,38,37,17-17-17
37,90,66,Red,Cotton,59,60,27,28-28
30,32,66,Black,Barley,26,59,55,10-26-26
29,36,64,Sandy,Pulses,16,83,25,DAP
37,83,65,Sandy,Pulses,78,15,21,Urea
22,31,33,Black,Cotton,16,57,17,14-35-14
19,81,50,Loamy,Maize,27,85,29,DAP
31,79,32,Clayey,Cotton,19,56,52,10-26-26
25,64,41,Sandy,Pulses,77,59,22,28-28
21,73,31,Loamy,Groundnuts,40,45,14,20-20
33,83,22,Loamy,Rice,57,51,16,20-20
22,84,25,Clayey,Pulses,40,34,31,17-17-17
38,39,63,Sandy,Sugarcane,77,20,27,Urea
19,30,61,Red,Barley,45,41,35,17-17-17
31,79,31,Sandy,Oil seeds,32,35,34,17-17-17
15,39,65,Clayey,Oil seeds,69,58,12,28-28
31,42,25,Red,Pulses,49,45,32,17-17-17
24,50,61,Loamy,Wheat,26,54,15,14-35-14
16,66,61,Sandy,Groundnuts,11,66,13,14-35-14
28,47,53,Sandy,Pulses,96,13,16,Urea
37,71,21,Sandy,Wheat,55,57,25,20-20
21,78,38,Clayey,Rice,29,61,11,14-35-14
33,78,21,Red,Oil seeds,23,51,13,14-35-14
16,61,43,Sandy,Chickpea,55,61,27,28-28
26,37,24,Loamy,Oil seeds,32,41,45,17-17-17
33,77,51,Black,Pulses,18,61,15,14-35-14
33,75,57,Red,Cotton,19,87,21,DAP
33,68,61,Loamy,Oil seeds,41,34,31,17-17-17
22,48,51,Sandy,Pulses,50,59,15,20-20
23,77,37,Black,Sugarcane,93,27,21,Urea
15,69,27,Red,Barley,46,40,29,20-20
33,77,39,Loamy,Rice,43,43,39,17-17-17
33,44,25,Black,Sugarcane,20,45,54,10-26-26
25,86,54,Clayey,Sugarcane,23,85,22,DAP
17,94,34,Red,Chickpea,23,89,24,DAP
17,31,23,Red,Tobacco,27,70,18,DAP
32,45,27,Sandy,Oil seeds,77,15,29,Urea
32,52,62,Red,Cotton,24,55,10,14-35-14
21,87,34,Black,Rice,23,94,16,DAP
19,34,49,Red,Sugarcane,71,23,25,Urea
17,78,44,Clayey,Maize,14,80,22,DAP
29,89,29,Loamy,Pulses,29,71,16,DAP
23,88,68,Sandy,Groundnuts,27,94,13,DAP
37,62,38,Sandy,Rice,55,59,17,20-20
36,72,51,Sandy,Oil seeds,45,42,45,17-17-17
31,34,56,Clayey,Tobacco,29,86,14,DAP
25,55,40,Loamy,Tobacco,22,79,29,DAP
30,86,61,Loamy,Sugarcane,58,59,26,20-20
38,76,28,Clayey,Sugarcane,13,69,25,14-35-14
38,33,28,Black,Barley,87,13,28,Urea
26,47,33,Sandy,Rice,68,52,19,28-28
22,45,40,Loamy,Pulses,10,99,24,DAP
39,42,36,Clayey,Tobacco,56,65,16,28-28
18,55,23,Sandy,Pulses,74,16,10,Urea
39,90,37,Clayey,Tobacco,55,75,12,28-28
25,42,54,Loamy,Pulses,81,10,21,Urea
31,51,57,Black,Oil seeds,26,62,19,14-35-14
24,35,58,Black,Pulses,65,67,22,28-28
19,45,50,Black,Oil seeds,61,79,29,28-28
32,48,63,Clayey,Tobacco,38,34,45,17-17-17
33,67,56,Loamy,Pulses,21,83,27,DAP
33,56,67,Black,Wheat,11,81,10,DAP
15,62,51,Black,Wheat,25,45,57,10-26-26
26,91,37,Loamy,Oil seeds,45,45,13,20-20
29,54,51,Loamy,Chickpea,17,50,27,14-35-14
39,49,44,Clayey,Cotton,94,20,22,Urea
30,50,49,Loamy,Rice,10,59,55,10-26-26
15,74,24,Black,Chickpea,15,80,12,DAP
21,69,47,Loamy,Maize,29,59,59,10-26-26
34,55,51,Clayey,Pulses,79,23,15,Urea
24,35,26,Black,Rice,37,41,33,17-17-17
27,83,69,Clayey,Groundnuts,17,64,10,14-35-14
18,34,44,Sandy,Chickpea,53,59,13,20-20
39,89,29,Black,Sugarcane,11,97,25,DAP
25,74,63,Loamy,Barley,36,35,30,17-17-17
23,43,42,Sandy,Wheat,10,42,54,10-26-26
20,57,69,Red,Tobacco,43,59,29,20-20
31,77,63,Black,Rice,97,16,23,Urea
37,82,36,Red,Wheat,43,35,36,17-17-17
18,42,38,Black,Oil seeds,22,48,55,10-26-26
22,35,23,Red,Cotton,25,97,28,DAP
29,50,36,Black,Wheat,38,32,39,17-17-17
31,64,38,Sandy,Chickpea,14,82,10,DAP
29,72,39,Clayey,Cotton,51,47,17,20-20
39,82,53,Sandy,Barley,43,47,28,20-20
28,69,67,Black,Pulses,19,41,45,10-26-26
38,34,24,Loamy,Rice,21,99,26,DAP
39,70,36,Clayey,Rice,97,23,13,Urea
33,65,36,Black,Cotton,12,86,10,DAP
25,67,35,Loamy,Wheat,17,52,53,10-26-26
26,58,37,Sandy,Tobacco,84,25,22,Urea
25,61,23,Loamy,Tobacco,12,98,17,DAP
29,39,48,Sandy,Sugarcane,93,25,26,Urea
36,81,69,Red,Sugarcane,53,53,23,20-20
33,81,53,Loamy,Chickpea,22,61,28,14-35-14
21,70,21,Clayey,Wheat,19,54,21,14-35-14
24,49,56,Sandy,Pulses,51,45,12,20-20
20,61,47,Black,Wheat,56,50,25,20-20
32,62,66,Black,Pulses,18,54,46,10-26-26
29,80,64,Loamy,Tobacco,31,39,49,17-17-17
19,42,64,Black,Tobacco,22,91,10,DAP
22,38,69,Red,Barley,35,49,41,17-17-17
23,64,36,Red,Groundnuts,60,73,24,28-28
37,79,42,Sandy,Rice,28,58,26,14-35-14
33,30,67,Sandy,Pulses,17,79,11,DAP
31,90,61,Sandy,Sugarcane,29,44,42,10-26-26
21,46,32,Clayey,Groundnuts,43,46,28,20-20
15,45,23,Black,Rice,27,73,22,DAP
17,55,66,Sandy,Oil seeds,90,29,11,Urea
35,56,34,Red,Rice,73,13,18,Urea
30,38,52,Sandy,Barley,14,65,16,14-35-14
21,90,44,Black,Oil seeds,27,93,28,DAP
15,48,62,Red,Groundnuts,50,44,21,20-20
34,84,44,Sandy,Chickpea,20,59,11,14-35-14
38,50,48,Clayey,Sugarcane,44,31,41,17-17-17
24,70,29,Black,Oil seeds,72,50,17,28-28
19,36,36,Black,Chickpea,45,49,46,17-17-17
19,40,38,Red,Tobacco,21,51,28,14-35-14
18,70,21,Red,Barley,35,40,43,17-17-17
18,85,48,Sandy,Groundnuts,69,71,16,28-28
19,91,59,Loamy,Sugarcane,93,21,28,Urea
34,90,40,Black,Tobacco,64,69,21,28-28
20,37,48,Loamy,Sugarcane,17,59,47,10-26-26
32,69,31,Loamy,Wheat,13,66,12,14-35-14
36,44,39,Clayey,Wheat,13,40,40,10-26-26
15,72,56,Black,Oil seeds,17,51,13,14-35-14
35,92,60,Loamy,Groundnuts,46,46,47,17-17-17
15,88,32,Red,Cotton,12,47,42,10-26-26
18,62,56,Clayey,Wheat,45,41,42,17-17-17
33,79,66,Clayey,Wheat,88,18,17,Urea
15,48,42,Red,Maize,54,67,17,28-28
32,56,25,Loamy,Rice,31,48,45,17-17-17
26,47,42,Black,Tobacco,18,47,48,10-26-26
19,47,61,Red,Cotton,76,27,29,Urea
21,70,69,Sandy,Chickpea,23,40,47,10-26-26
28,37,57,Red,Sugarcane,45,42,11,20-20
23,85,43,Red,Wheat,42,38,42,17-17-17
19,52,57,Red,Maize,58,55,22,20-20
27,67,41,Clayey,Sugarcane,86,26,12,Urea
15,68,39,Clayey,Barley,43,47,33,17-17-17
34,69,68,Clayey,Cotton,33,32,37,17-17-17
23,45,58,Red,Tobacco,45,49,13,20-20
15,44,66,Black,Tobacco,87,21,24,Urea
21,66,50,Black,Wheat,98,12,21,Urea
25,58,44,Red,Pulses,70,24,17,Urea
18,32,57,Clayey,Chickpea,71,68,13,28-28
26,79,55,Clayey,Groundnuts,78,12,18,Urea
27,83,26,Loamy,Maize,47,48,28,20-20
39,50,43,Red,Wheat,50,56,28,20-20
30,51,55,Black,Groundnuts,47,36,34,17-17-17
15,41,32,Red,Barley,73,12,13,Urea
36,31,52,Loamy,Groundnuts,38,36,42,17-17-17
25,88,49,Loamy,Barley,28,77,21,DAP
25,31,42,Black,Oil seeds,53,56,26,28-28
19,62,43,Loamy,Tobacco,41,38,40,17-17-17
34,63,66,Sandy,Wheat,52,50,17,20-20
19,72,35,Loamy,Sugarcane,24,98,15,DAP
16,68,29,Black,Oil seeds,28,60,23,14-35-14
20,62,22,Loamy,Cotton,75,23,11,Urea
31,34,40,Red,Chickpea,22,50,43,10-26-26
31,48,60,Sandy,Sugarcane,17,49,46,10-26-26
24,54,21,Loamy,Tobacco,68,76,15,28-28
37,79,36,Loamy,Pulses,14,91,13,DAP
38,91,44,Black,Wheat,17,97,21,DAP
28,73,64,Clayey,Groundnuts,15,72,14,DAP
16,65,39,Clayey,Rice,24,55,21,14-35-14
20,46,46,Sandy,Oil seeds,41,32,46,17-17-17
16,83,48,Sandy,Groundnuts,16,41,58,10-26-26
38,74,44,Clayey,Sugarcane,26,50,48,10-26-26
27,74,45,Black,Tobacco,10,57,28,14-35-14
39,30,59,Black,Tobacco,52,62,22,28-28
19,43,30,Clayey,Cotton,78,22,22,Urea
24,71,66,Sandy,Pulses,46,56,13,20-20
15,40,56,Red,Oil seeds,24,61,24,14-35-14
35,61,55,Red,Cotton,75,12,19,Urea
30,77,47,Clayey,Chickpea,47,30,45,17-17-17
16,32,50,Black,Rice,29,59,49,10-26-26
30,72,39,Sandy,Groundnuts,29,52,22,14-35-14
31,30,52,Black,Cotton,13,96,13,DAP
36,69,51,Clayey,Tobacco,55,55,26,28-28
35,89,53,Red,Chickpea,49,46,38,17-17-17
29,92,48,Black,Barley,66,70,27,28-28
26,77,60,Sandy,Maize,17,56,11,14-35-14
16,67,25,Red,Groundnuts,12,52,52,10-26-26
37,48,30,Red,Cotton,37,35,32,17-17-17
22,82,67,Loamy,Pulses,29,81,29,DAP
39,63,28,Black,Wheat,18,73,18,DAP
30,33,53,Sandy,Maize,22,55,18,14-35-14
33,36,62,Sandy,Tobacco,29,66,13,14-35-14
32,66,64,Clayey,Groundnuts,12,83,11,DAP
27,33,42,Clayey,Sugarcane,51,52,27,20-20
16,57,27,Loamy,Barley,47,37,43,17-17-17
37,46,68,Black,Cotton,36,33,38,17-17-17
29,91,69,Red,Oil seeds,33,42,46,17-17-17
36,57,64,Black,Cotton,69,60,19,28-28
15,54,63,Sandy,Rice,84,13,29,Urea
28,62,61,Black,Chickpea,19,40,42,10-26-26
30,88,27,Sandy,Chickpea,49,41,48,17-17-17
31,89,68,Loamy,Barley,40,41,21,20-20
29,55,58,Clayey,Barley,45,47,14,20-20
36,94,52,Black,Oil seeds,12,99,23,DAP
27,45,35,Black,Cotton,41,50,21,20-20
30,68,32,Black,Barley,70,69,18,28-28
38,75,47,Red,Sugarcane,16,80,26,DAP
17,42,60,Clayey,Tobacco,70,74,18,28-28
35,65,69,Loamy,Wheat,11,66,29,14-35-14
19,45,64,Red,Sugarcane,21,60,25,14-35-14
17,90,40,Black,Sugarcane,98,21,27,Urea
31,53,68,Loamy,Barley,23,83,13,DAP
19,58,67,Sandy,Groundnuts,20,51,24,14-35-14
18,77,49,Red,Groundnuts,19,41,54,10-26-26
31,61,27,Black,Barley,94,21,12,Urea
33,65,45,Loamy,Barley,15,64,23,14-35-14
25,71,37,Clayey,Pulses,18,83,17,DAP
17,36,50,Red,Cotton,67,78,17,28-28
35,91,38,Sandy,Tobacco,32,32,44,17-17-17
30,68,51,Red,Cotton,42,44,48,17-17-17
15,77,68,Black,Pulses,51,67,20,28-28
28,82,53,Loamy,Rice,42,57,28,20-20
27,93,26,Red,Groundnuts,26,45,58,10-26-26
37,76,65,Clayey,Wheat,99,28,28,Urea
15,52,50,Clayey,Chickpea,29,53,16,14-35-14
21,62,64,Black,Chickpea,64,62,23,28-28
28,59,41,Red,Barley,11,66,10,14-35-14
21,57,44,Red,Wheat,95,12,20,Urea
16,88,40,Clayey,Oil seeds,12,40,58,10-26-26
35,92,59,Clayey,Rice,14,63,19,14-35-14
23,80,24,Clayey,Chickpea,11,66,15,14-35-14
34,78,55,Sandy,Oil seeds,13,57,57,10-26-26
16,65,50,Red,Groundnuts,55,44,18,20-20
19,32,68,Red,Cotton,89,28,12,Urea
36,81,55,Loamy,Sugarcane,50,67,28,28-28
33,70,41,Sandy,Tobacco,67,72,24,28-28
39,35,36,Clayey,Rice,12,86,14,DAP
30,56,43,Sandy,Groundnuts,76,25,14,Urea
21,50,60,Black,Sugarcane,49,44,47,17-17-17
15,64,53,Black,Groundnuts,23,85,17,DAP
34,37,37,Red,Maize,76,73,26,28-28
22,80,29,Sandy,Maize,11,81,19,DAP
25,53,41,Black,Pulses,19,43,46,10-26-26
21,93,23,Black,Wheat,11,81,14,DAP
30,30,27,Black,Tobacco,73,18,21,Urea
23,55,68,Sandy,Cotton,13,63,23,14-35-14
39,50,31,Loamy,Rice,73,23,12,Urea
24,44,59,Sandy,Rice,43,45,36,17-17-17
31,79,32,Black,Sugarcane,52,52,18,20-20
21,62,61,Red,Wheat,69,57,20,28-28
18,63,26,Red,Rice,14,68,28,14-35-14
30,69,43,Red,Cotton,41,31,38,17-17-17
22,84,53,Loamy,Cotton,26,57,28,14-35-14
29,64,53,Sandy,Tobacco,68,53,22,28-28
37,75,37,Loamy,Maize,57,50,16,20-20
36,87,41,Loamy,Sugarcane,57,44,23,20-20
37,78,20,Loamy,Pulses,15,48,49,10-26-26
33,90,20,Red,Maize,16,63,21,14-35-14
24,74,58,Sandy,Pulses,24,53,24,14-35-14
20,66,45,Loamy,Tobacco,91,20,23,Urea
28,80,42,Black,Groundnuts,22,76,17,DAP
29,42,26,Loamy,Barley,18,63,15,14-35-14
23,58,56,Black,Pulses,76,27,12,Urea
20,35,37,Clayey,Maize,26,56,24,14-35-14
36,83,68,Black,Cotton,11,52,23,14-35-14
21,65,62,Red,Tobacco,68,58,13,28-28
36,49,52,Loamy,Pulses,47,54,22,20-20
22,92,40,Loamy,Maize,24,74,20,DAP
15,32,59,Clayey,Groundnuts,70,61,29,28-28
34,91,57,Red,Barley,12,57,28,14-35-14
18,70,64,Loamy,Groundnuts,72,51,14,28-28
22,76,56,Clayey,Maize,22,46,56,10-26-26
34,69,30,Loamy,Wheat,15,51,44,10-26-26
17,61,23,Sandy,Pulses,12,82,26,DAP
24,33,42,Clayey,Barley,25,44,56,10-26-26
32,33,52,Clayey,Maize,57,50,25,20-20
34,91,66,Red,Sugarcane,28,98,13,DAP
37,81,23,Black,Groundnuts,55,57,22,28-28
19,48,39,Clayey,Pulses,41,30,39,17-17-17
27,50,33,Red,Barley,46,43,41,17-17-17
32,81,20,Clayey,Tobacco,44,57,23,20-20
36,44,67,Clayey,Rice,19,56,21,14-35-14
20,65,54,Red,Cotton,50,56,11,20-20
21,41,34,Loamy,Sugarcane,25,40,49,10-26-26
34,90,57,Black,Chickpea,23,87,14,DAP
25,78,69,Loamy,Cotton,72,50,22,28-28
18,73,38,Sandy,Pulses,42,49,41,17-17-17
25,63,32,Red,Cotton,21,85,29,DAP
27,72,59,Red,Barley,77,76,16,28-28
20,85,41,Black,Chickpea,11,57,49,10-26-26
32,79,56,Red,Chickpea,53,57,26,20-20
28,32,27,Sandy,Rice,75,56,20,28-28
33,41,46,Clayey,Maize,49,40,38,17-17-17
32,73,52,Clayey,Pulses,82,15,25,Urea
29,90,30,Red,Maize,10,59,49,10-26-26
37,72,69,Red,Wheat,55,54,26,20-20
22,60,28,Red,Groundnuts,20,52,57,10-26-26
22,80,23,Black,Rice,99,20,16,Urea
28,65,29,Red,Chickpea,86,27,10,Urea
18,89,32,Red,Tobacco,45,34,40,17-17-17
16,51,46,Black,Groundnuts,26,91,23,DAP
22,48,24,Loamy,Wheat,14,45,56,10-26-26
24,60,62,Black,Pulses,22,44,46,10-26-26
37,76,25,Black,Maize,52,64,13,28-28
21,73,34,Red,Groundnuts,41,36,32,17-17-17
23,85,67,Black,Tobacco,35,32,34,17-17-17
20,33,56,Sandy,Maize,40,39,39,17-17-17
26,60,35,Loamy,Chickpea,73,21,11,Urea
37,76,63,Loamy,Rice,11,73,15,DAP
23,44,31,Clayey,Groundnuts,68,66,16,28-28
15,89,29,Clayey,Wheat,42,38,36,17-17-17
27,52,52,Clayey,Tobacco,24,84,18,DAP
38,65,44,Sandy,Chickpea,48,59,24,20-20
30,32,62,Red,Rice,43,58,14,20-20
38,60,68,Sandy,Tobacco,28,53,55,10-26-26
31,89,52,Loamy,Groundnuts,55,76,16,28-28
23,77,49,Sandy,Cotton,64,72,24,28-28
24,62,33,Loamy,Groundnuts,22,56,50,10-26-26
21,70,55,Clayey,Sugarcane,76,11,16,Urea
22,82,33,Red,Maize,40,38,43,17-17-17
20,72,51,Clayey,Rice,23,54,19,14-35-14
31,87,40,Loamy,Cotton,16,51,16,14-35-14
34,59,26,Sandy,Rice,78,17,25,Urea
15,60,54,Sandy,Barley,44,56,17,20-20
38,89,46,Clayey,Sugarcane,46,54,11,20-20
31,52,52,Loamy,Pulses,33,44,42,17-17-17
37,93,26,Loamy,Oil seeds,54,79,11,28-28
39,73,64,Clayey,Oil seeds,13,71,10,DAP
31,80,62,Clayey,Groundnuts,52,77,13,28-28
27,67,41,Red,Maize,18,74,26,DAP
35,89,69,Red,Maize,81,18,19,Urea
22,54,26,Sandy,Chickpea,65,56,18,28-28
39,41,46,Loamy,Sugarcane,81,23,21,Urea
15,78,54,Clayey,Pulses,22,90,13,DAP
28,75,32,Sandy,Sugarcane,19,51,13,14-35-14
23,49,40,Black,Cotton,11,80,14,DAP
30,48,60,Sandy,Maize,14,69,23,14-35-14
17,70,32,Sandy,Tobacco,19,43,49,10-26-26
15,36,24,Sandy,Groundnuts,59,74,16,28-28
22,57,65,Loamy,Barley,74,57,11,28-28
25,38,25,Red,Sugarcane,16,59,47,10-26-26
37,62,28,Loamy,Rice,19,54,21,14-35-14
21,84,51,Clayey,Chickpea,25,47,58,10-26-26
33,74,28,Red,Pulses,70,26,22,Urea
23,37,53,Clayey,Barley,71,20,13,Urea
27,81,51,Sandy,Pulses,20,64,12,14-35-14
27,37,46,Red,Chickpea,14,89,14,DAP
35,58,49,Loamy,Oil seeds,25,70,17,DAP
29,67,43,Black,Barley,60,76,21,28-28
16,69,50,Sandy,Maize,46,49,18,20-20
36,82,46,Sandy,Cotton,41,46,25,20-20
34,64,63,Sandy,Cotton,32,38,44,17-17-17
25,78,46,Clayey,Cotton,70,62,24,28-28
23,91,58,Red,Cotton,57,55,12,20-20
22,91,22,Black,Wheat,19,69,21,14-35-14
32,68,45,Black,Groundnuts,17,62,19,14-35-14
22,42,31,Black,Pulses,16,53,17,14-35-14
29,44,68,Black,Tobacco,58,50,13,20-20
39,80,53,Loamy,Barley,25,74,25,DAP
18,30,69,Red,Maize,19,54,27,14-35-14
32,41,29,Red,Tobacco,69,63,19,28-28
25,60,43,Clayey,Chickpea,53,47,23,20-20
16,48,65,Red,Tobacco,24,53,51,10-26-26
28,66,21,Clayey,Sugarcane,18,62,18,14-35-14
38,61,67,Black,Groundnuts,21,52,47,10-26-26
29,88,22,Clayey,Rice,40,33,33,17-17-17
31,34,21,Black,Wheat,15,91,17,DAP
15,85,25,Loamy,Wheat,18,89,17,DAP
30,60,47,Black,Chickpea,24,50,44,10-26-26
16,62,46,Sandy,Barley,20,61,20,14-35-14
25,45,69,Loamy,Sugarcane,31,48,46,17-17-17
30,76,34,Red,Sugarcane,26,80,23,DAP
24,90,27,Black,Pulses,21,42,58,10-26-26
39,35,27,Red,Barley,14,89,15,DAP
20,66,57,Sandy,Tobacco,53,41,28,20-20
34,30,49,Sandy,Wheat,45,41,25,20-20
30,51,41,Red,Rice,76,25,26,Urea
31,54,50,Red,Groundnuts,17,53,13,14-35-14
36,55,26,Sandy,Groundnuts,47,43,48,17-17-17
30,52,33,Red,Tobacco,33,47,43,17-17-17
18,65,26,Clayey,Tobacco,60,61,27,28-28
30,76,39,Loamy,Wheat,27,90,15,DAP
25,46,44,Loamy,Oil seeds,23,61,16,14-35-14
19,84,36,Sandy,Tobacco,22,55,42,10-26-26
29,93,51,Red,Rice,38,46,42,17-17-17
37,54,52,Red,Wheat,17,47,41,10-26-26
28,34,65,Clayey,Cotton,10,41,55,10-26-26
35,50,34,Sandy,Cotton,79,52,11,28-28
38,68,51,Black,Pulses,11,76,16,DAP
25,58,61,Loamy,Barley,41,41,24,20-20
33,46,41,Black,Rice,99,24,23,Urea
26,62,31,Red,Rice,57,76,16,28-28
17,64,46,Sandy,Tobacco,28,92,12,DAP
25,59,60,Clayey,Wheat,74,50,26,28-28
18,53,43,Clayey,Cotton,18,91,14,DAP
36,35,25,Clayey,Maize,34,48,32,17-17-17
34,40,21,Clayey,Rice,17,40,45,10-26-26
23,92,30,Clayey,Cotton,36,35,32,17-17-17
17,47,64,Clayey,Chickpea,16,56,12,14-35-14
32,78,65,Sandy,Wheat,53,65,24,28-28
33,70,30,Black,Tobacco,47,44,36,17-17-17
34,39,47,Clayey,Maize,21,49,49,10-26-26
32,30,24,Clayey,Wheat,48,39,37,17-17-17
21,76,48,Black,Cotton,25,59,24,14-35-14
38,65,38,Sandy,Tobacco,26,64,25,14-35-14
32,83,69,Loamy,Wheat,18,52,11,14-35-14
37,42,33,Black,Rice,27,80,27,DAP
39,68,31,Black,Cotton,14,83,21,DAP
25,79,26,Clayey,Wheat,32,30,32,17-17-17
26,61,43,Sandy,Cotton,19,57,55,10-26-26
31,31,55,Black,Sugarcane,28,58,28,14-35-14
15,55,30,Clayey,Groundnuts,13,73,29,DAP
39,66,46,Loamy,Chickpea,37,49,33,17-17-17
20,73,36,Clayey,Barley,72,27,20,Urea
17,77,22,Loamy,Maize,29,55,28,14-35-14
21,50,63,Red,Oil seeds,62,53,13,28-28
19,46,46,Loamy,Barley,20,50,18,14-35-14
27,60,32,Sandy,Rice,74,62,20,28-28
17,55,26,Loamy,Tobacco,59,49,28,20-20
32,78,55,Clayey,Sugarcane,41,33,48,17-17-17
26,55,50,Loamy,Cotton,66,75,18,28-28
18,88,57,Red,Maize,38,43,33,17-17-17
33,84,52,Clayey,Sugarcane,82,29,26,Urea
29,31,23,Clayey,Rice,42,53,21,20-20
33,37,52,Clayey,Barley,26,55,20,14-35-14
37,40,66,Loamy,Maize,23,52,18,14-35-14
16,60,38,Loamy,Rice,27,63,26,14-35-14
21,51,43,Red,Oil seeds,18,96,17,DAP
33,45,49,Loamy,Oil seeds,88,18,11,Urea
15,79,60,Red,Sugarcane,82,11,23,Urea
18,88,36,Sandy,Oil seeds,13,56,16,14-35-14
34,50,35,Red,Pulses,12,48,44,10-26-26
19,45,40,Black,Maize,27,53,55,10-26-26
38,34,22,Sandy,Groundnuts,50,41,28,20-20
39,51,65,Red,Pulses,17,43,52,10-26-26
29,69,53,Sandy,Wheat,36,35,44,17-17-17
26,71,53,Clayey,Barley,24,92,13,DAP
37,64,66,Red,Cotton,77,55,23,28-28
32,64,42,Loamy,Rice,10,62,17,14-35-14
16,55,55,Loamy,Cotton,18,75,29,DAP
25,59,49,Sandy,Maize,20,44,47,10-26-26
25,71,39,Red,Cotton,12,46,47,10-26-26
29,65,56,Sandy,Pulses,73,71,14,28-28
23,39,56,Clayey,Groundnuts,92,17,28,Urea
37,84,24,Loamy,Tobacco,94,13,14,Urea
17,62,38,Red,Sugarcane,70,27,21,Urea
26,40,30,Loamy,Oil seeds,28,63,20,14-35-14
20,92,64,Clayey,Groundnuts,19,85,17,DAP
39,72,64,Clayey,Rice,31,42,31,17-17-17
24,47,30,Loamy,Barley,54,40,23,20-20
30,31,41,Black,Maize,47,47,20,20-20
17,70,61,Red,Wheat,29,52,41,10-26-26
31,76,49,Clayey,Oil seeds,42,34,36,17-17-17
15,56,33,Clayey,Sugarcane,11,57,49,10-26-26
21,54,68,Black,Chickpea,15,61,12,14-35-14
21,36,61,Black,Chickpea,20,59,41,10-26-26
35,89,27,Red,Barley,27,55,29,14-35-14
18,53,31,Clayey,Chickpea,15,76,17,DAP
35,52,29,Sandy,Tobacco,58,48,21,20-20
18,76,31,Black,Pulses,20,89,22,DAP
38,90,26,Sandy,Sugarcane,19,91,16,DAP
18,70,56,Clayey,Chickpea,15,47,59,10-26-26
32,35,28,Clayey,Tobacco,21,54,14,14-35-14
24,52,55,Black,Barley,41,53,28,20-20
29,82,62,Clayey,Pulses,49,43,25,20-20
19,78,37,Black,Wheat,24,65,23,14-35-14
35,49,47,Black,Rice,38,43,49,17-17-17
36,53,34,Clayey,Barley,11,69,14,14-35-14
26,59,54,Red,Groundnuts,18,59,47,10-26-26
34,47,66,Clayey,Sugarcane,16,56,51,10-26-26
15,35,42,Red,Chickpea,24,65,26,14-35-14
27,42,51,Sandy,Cotton,45,51,28,20-20
37,48,21,Red,Oil seeds,53,56,14,20-20
26,36,52,Clayey,Groundnuts,10,90,12,DAP
37,60,27,Sandy,Maize,29,75,18,DAP
33,93,25,Loamy,Oil seeds,10,53,57,10-26-26
37,35,25,Sandy,Sugarcane,49,48,14,20-20
23,40,39,Clayey,Cotton,47,44,11,20-20
20,84,25,Red,Groundnuts,23,45,43,10-26-26
37,58,42,Black,Rice,75,70,27,28-28
26,73,46,Red,Tobacco,87,15,11,Urea
21,41,30,Red,Cotton,19,76,23,DAP
22,43,39,Sandy,Groundnuts,32,48,33,17-17-17
24,46,66,Red,Cotton,14,61,14,14-35-14
24,32,42,Loamy,Cotton,45,38,45,17-17-17
25,69,65,Sandy,Cotton,55,73,28,28-28
26,41,59,Clayey,Maize,63,64,27,28-28
32,41,50,Black,Tobacco,10,62,25,14-35-14
17,93,39,Sandy,Wheat,42,37,35,17-17-17
18,52,64,Loamy,Cotton,62,51,28,28-28
38,30,20,Black,Sugarcane,20,87,13,DAP
18,31,50,Red,Groundnuts,25,86,11,DAP
24,82,39,Sandy,Pulses,48,34,43,17-17-17
18,62,41,Black,Wheat,85,14,26,Urea
28,78,30,Sandy,Sugarcane,43,41,22,20-20
19,52,53,Black,Barley,20,79,17,DAP
26,89,40,Red,Cotton,55,51,23,20-20
36,38,25,Red,Maize,23,50,48,10-26-26
16,62,67,Red,Cotton,18,81,10,DAP
19,38,49,Loamy,Maize,22,51,48,10-26-26
39,72,38,Clayey,Pulses,55,53,11,20-20
38,84,44,Red,Groundnuts,54,46,24,20-20
35,67,30,Red,Maize,57,43,11,20-20
36,30,36,Sandy,Sugarcane,14,80,28,DAP
22,43,52,Loamy,Pulses,28,60,24,14-35-14
35,36,46,Loamy,Barley,21,71,27,DAP
37,59,66,Red,Cotton,83,19,18,Urea
37,88,63,Loamy,Cotton,28,88,21,DAP
15,42,22,Sandy,Groundnuts,53,50,25,28-28
36,51,60,Red,Barley,38,33,31,17-17-17
23,88,46,Red,Sugarcane,43,32,47,17-17-17
19,38,26,Loamy,Oil seeds,82,10,20,Urea
30,84,46,Loamy,Chickpea,67,59,14,28-28
38,50,35,Sandy,Wheat,25,43,53,10-26-26
38,80,57,Loamy,Oil seeds,20,84,12,DAP
16,46,20,Clayey,Wheat,57,57,28,20-20
27,46,59,Sandy,Cotton,47,39,33,17-17-17
29,74,56,Red,Barley,20,61,18,14-35-14
27,86,31,Clayey,Chickpea,18,52,27,14-35-14
27,56,45,Sandy,Pulses,62,69,29,28-28
20,68,34,Clayey,Tobacco,93,19,28,Urea
20,66,33,Black,Oil seeds,51,58,12,28-28
30,55,57,Clayey,Maize,78,28,18,Urea
36,93,23,Sandy,Chickpea,44,46,10,20-20
25,33,20,Loamy,Groundnuts,40,43,19,20-20
21,93,44,Loamy,Rice,96,19,14,Urea
19,88,55,Loamy,Oil seeds,61,75,20,28-28
22,81,57,Clayey,Tobacco,87,13,13,Urea
28,33,32,Red,Cotton,60,77,18,28-28
16,91,65,Clayey,Oil seeds,16,50,20,14-35-14
17,74,32,Clayey,Barley,12,45,48,10-26-26
33,52,55,Clayey,Pulses,37,37,36,17-17-17
19,51,47,Loamy,Cotton,58,49,16,20-20
18,88,51,Loamy,Groundnuts,22,76,19,DAP
32,66,64,Red,Cotton,48,52,16,20-20
31,61,68,Black,Oil seeds,53,49,18,20-20
32,65,50,Black,Oil seeds,70,14,17,Urea
24,85,66,Sandy,Cotton,74,58,29,28-28
26,87,22,Black,Maize,44,40,20,20-20
35,78,68,Clayey,Pulses,51,59,25,20-20
24,44,37,Red,Barley,18,43,47,10-26-26
17,84,41,Clayey,Oil seeds,48,40,41,17-17-17
29,45,55,Clayey,Barley,54,74,25,28-28
37,45,25,Loamy,Chickpea,91,14,11,Urea
30,65,68,Black,Maize,52,52,10,20-20
18,43,49,Loamy,Rice,50,45,26,20-20
24,89,54,Red,Sugarcane,41,44,13,20-20
34,51,69,Loamy,Cotton,91,24,19,Urea
24,80,56,Clayey,Groundnuts,93,28,26,Urea
16,79,31,Loamy,Rice,19,51,18,14-35-14
18,92,31,Clayey,Oil seeds,55,67,22,28-28
15,81,66,Sandy,Maize,73,24,29,Urea
39,62,47,Black,Maize,39,49,36,17-17-17
23,63,33,Loamy,Maize,73,61,29,28-28
29,66,47,Red,Rice,15,58,26,14-35-14
33,66,23,Loamy,Barley,70,73,11,28-28
38,43,20,Clayey,Chickpea,45,41,38,17-17-17
28,41,49,Red,Barley,13,78,28,DAP
29,73,63,Red,Cotton,26,40,53,10-26-26
21,61,44,Loamy,Groundnuts,42,45,43,17-17-17
28,72,56,Sandy,Pulses,46,51,12,20-20
31,91,30,Clayey,Pulses,26,55,47,10-26-26
26,58,23,Red,Maize,35,49,43,17-17-17
29,69,48,Black,Cotton,13,76,10,DAP
39,83,35,Sandy,Wheat,57,42,11,20-20
37,83,22,Black,Rice,14,52,24,14-35-14
31,40,20,Loamy,Maize,45,44,23,20-20
38,41,21,Loamy,Oil seeds,61,75,10,28-28
21,65,40,Sandy,Rice,98,10,21,Urea
28,75,61,Red,Cotton,24,70,15,DAP
27,71,51,Red,Sugarcane,18,52,13,14-35-14
19,70,47,Red,Sugarcane,19,54,14,14-35-14
22,63,56,Sandy,Oil seeds,43,35,49,17-17-17
18,46,30,Sandy,Pulses,57,40,11,20-20
19,93,38,Clayey,Cotton,19,43,59,10-26-26
32,31,35,Clayey,Wheat,17,52,44,10-26-26
22,93,25,Sandy,Tobacco,26,62,15,14-35-14
39,93,48,Red,Tobacco,90,12,21,Urea
30,34,34,Black,Tobacco,36,40,38,17-17-17
18,44,47,Clayey,Pulses,54,56,12,28-28
22,70,61,Loamy,Sugarcane,74,16,26,Urea
20,71,56,Black,Rice,17,58,51,10-26-26
30,68,34,Sandy,Tobacco,48,54,15,20-20
27,52,67,Loamy,Sugarcane,60,55,29,28-28
24,93,44,Sandy,Pulses,42,33,49,17-17-17
22,55,35,Clayey,Tobacco,65,78,26,28-28
31,70,32,Clayey,Cotton,47,48,22,20-20
25,53,28,Sandy,Tobacco,19,54,16,14-35-14
21,41,67,Sandy,Pulses,12,57,26,14-35-14
17,88,46,Clayey,Maize,14,83,20,DAP
34,92,33,Red,Chickpea,11,43,57,10-26-26
23,34,34,Loamy,Pulses,19,54,20,14-35-14
18,82,55,Sandy,Cotton,14,84,18,DAP
32,36,38,Red,Groundnuts,36,44,46,17-17-17
25,92,25,Red,Pulses,22,51,29,14-35-14
29,47,63,Black,Rice,12,53,16,14-35-14
29,46,52,Red,Sugarcane,15,68,27,14-35-14
29,54,26,Loamy,Chickpea,38,37,41,17-17-17
25,48,21,Clayey,Barley,70,61,26,28-28
24,84,34,Loamy,Sugarcane,93,18,10,Urea
32,38,21,Clayey,Oil seeds,11,53,43,10-26-26
16,93,63,Loamy,Maize,78,17,11,Urea
34,70,50,Clayey,Cotton,17,98,13,DAP
25,37,31,Loamy,Groundnuts,88,11,25,Urea
25,51,40,Black,Maize,37,44,38,17-17-17
34,72,26,Red,Chickpea,23,54,48,10-26-26
15,63,32,Red,Chickpea,27,62,20,14-35-14
37,55,33,Clayey,Chickpea,88,10,17,Urea
29,32,49,Clayey,Cotton,27,53,48,10-26-26
22,70,27,Black,Cotton,27,53,54,10-26-26
39,77,43,Sandy,Oil seeds,43,34,38,17-17-17
25,31,33,Red,Pulses,27,87,25,DAP
22,70,26,Red,Barley,23,76,18,DAP
31,57,35,Black,Rice,22,80,27,DAP
23,71,28,Loamy,Cotton,43,50,17,20-20
18,75,47,Black,Oil seeds,18,82,15,DAP
25,41,62,Clayey,Groundnuts,12,74,16,DAP
36,50,40,Black,Cotton,51,41,17,20-20
27,66,33,Red,Rice,34,40,40,17-17-17
33,76,68,Clayey,Chickpea,38,41,45,17-17-17
33,48,51,Black,Rice,38,42,45,17-17-17
30,53,68,Black,Barley,47,45,43,17-17-17
19,65,52,Red,Groundnuts,40,33,43,17-17-17
24,75,37,Loamy,Groundnuts,19,72,17,DAP
28,43,67,Sandy,Tobacco,99,13,12,Urea
27,90,42,Clayey,Cotton,44,38,36,17-17-17
28,90,60,Red,Cotton,15,74,10,DAP
19,43,58,Loamy,Tobacco,25,47,58,10-26-26
21,71,29,Red,Wheat,73,23,25,Urea
19,90,45,Red,Tobacco,30,37,45,17-17-17
37,71,39,Loamy,Chickpea,31,31,49,17-17-17
39,70,60,Sandy,Maize,59,45,19,20-20
19,44,43,Black,Groundnuts,58,49,28,20-20
21,81,41,Red,Pulses,15,54,45,10-26-26
27,51,38,Black,Wheat,42,31,32,17-17-17
17,36,60,Loamy,Wheat,23,90,26,DAP
22,62,39,Clayey,Cotton,22,58,16,14-35-14
26,43,56,Clayey,Wheat,30,48,31,17-17-17
31,67,20,Black,Groundnuts,70,23,15,Urea
36,60,48,Clayey,Oil seeds,13,48,48,10-26-26
28,42,60,Sandy,Wheat,15,69,24,14-35-14
30,72,63,Red,Groundnuts,41,55,28,20-20
19,43,30,Red,Pulses,22,44,40,10-26-26
39,69,46,Loamy,Sugarcane,47,44,43,17-17-17
17,30,58,Sandy,Cotton,43,32,46,17-17-17
18,93,40,Clayey,Barley,31,46,39,17-17-17
23,80,51,Black,Pulses,61,67,13,28-28
38,81,35,Clayey,Maize,23,54,19,14-35-14
31,51,24,Sandy,Rice,70,71,24,28-28
32,44,69,Red,Pulses,38,45,41,17-17-17
25,60,36,Red,Rice,57,68,14,28-28
16,64,57,Sandy,Maize,40,43,18,20-20
39,71,42,Clayey,Groundnuts,12,89,18,DAP
32,40,29,Red,Sugarcane,46,34,37,17-17-17
30,87,40,Loamy,Tobacco,26,59,14,14-35-14
16,57,34,Black,Sugarcane,54,70,10,28-28
38,92,23,Sandy,Groundnuts,67,52,18,28-28
39,54,67,Clayey,Oil seeds,25,57,16,14-35-14
34,56,66,Clayey,Tobacco,25,84,11,DAP
38,32,46,Sandy,Pulses,78,58,25,28-28
21,51,33,Sandy,Sugarcane,16,56,44,10-26-26
29,92,48,Loamy,Chickpea,88,16,13,Urea
16,73,62,Red,Sugarcane,94,25,11,Urea
26,41,31,Black,Maize,44,37,35,17-17-17
18,79,22,Sandy,Sugarcane,26,87,25,DAP
25,55,23,Sandy,Tobacco,76,51,19,28-28
39,52,42,Loamy,Tobacco,51,51,25,28-28
29,57,22,Clayey,Wheat,14,56,52,10-26-26
22,72,44,Red,Maize,79,52,16,28-28
28,54,44,Loamy,Oil seeds,61,54,10,28-28
38,64,48,Sandy,Chickpea,44,39,39,17-17-17
23,55,44,Clayey,Sugarcane,23,66,21,14-35-14
29,78,50,Black,Maize,63,73,15,28-28
18,40,46,Clayey,Tobacco,34,48,43,17-17-17
31,33,33,Loamy,Tobacco,29,81,25,DAP
24,78,67,Loamy,Chickpea,92,13,20,Urea
29,92,67,Red,Oil seeds,72,27,24,Urea
18,52,27,Red,Cotton,70,13,22,Urea
21,90,60,Clayey,Sugarcane,40,48,10,20-20
35,44,58,Sandy,Oil seeds,59,51,25,20-20
36,69,30,Loamy,Cotton,27,50,22,14-35-14
22,74,27,Loamy,Cotton,73,13,21,Urea
23,34,66,Clayey,Chickpea,67,64,23,28-28
37,69,40,Black,Wheat,18,59,42,10-26-26
19,37,63,Clayey,Sugarcane,36,34,38,17-17-17
33,62,41,Red,Oil seeds,71,71,23,28-28
20,38,27,Sandy,Groundnuts,78,56,21,28-28
34,65,21,Clayey,Tobacco,44,35,30,17-17-17
36,70,24,Loamy,Chickpea,29,56,48,10-26-26
28,44,24,Sandy,Tobacco,10,94,26,DAP
39,94,56,Sandy,Wheat,40,39,46,17-17-17
18,41,41,Red,Sugarcane,10,89,21,DAP
35,62,25,Sandy,Rice,21,62,22,14-35-14
31,54,39,Sandy,Barley,33,35,32,17-17-17
18,48,49,Sandy,Cotton,12,49,40,10-26-26
20,93,40,Sandy,Chickpea,29,57,41,10-26-26
30,50,53,Sandy,Chickpea,14,51,10,14-35-14
26,73,39,Loamy,Cotton,26,64,19,14-35-14
25,91,21,Black,Pulses,34,49,49,17-17-17
29,84,52,Red,Cotton,19,82,28,DAP
20,32,21,Red,Rice,53,69,18,28-28
32,89,57,Loamy,Barley,58,46,12,20-20
26,82,23,Clayey,Groundnuts,42,49,36,17-17-17
31,75,63,Clayey,Groundnuts,57,65,17,28-28
35,53,63,Black,Groundnuts,51,79,22,28-28
32,81,43,Loamy,Oil seeds,36,35,43,17-17-17
34,32,46,Clayey,Rice,68,59,14,28-28
21,33,36,Clayey,Cotton,86,23,24,Urea
22,72,22,Black,Groundnuts,60,76,26,28-28
39,53,39,Clayey,Wheat,25,59,16,14-35-14
23,40,37,Clayey,Wheat,21,87,18,DAP
35,60,64,Red,Oil seeds,13,66,26,14-35-14
32,78,60,Black,Groundnuts,26,50,40,10-26-26
27,93,66,Red,Barley,45,36,42,17-17-17
28,68,44,Sandy,Rice,28,59,11,14-35-14
29,34,38,Red,Groundnuts,84,28,20,Urea
31,76,65,Clayey,Wheat,22,57,59,10-26-26
20,51,59,Clayey,Cotton,89,23,27,Urea
31,59,57,Sandy,Sugarcane,82,12,15,Urea
31,79,55,Sandy,Pulses,23,93,14,DAP
27,57,57,Red,Barley,16,76,16,DAP
33,42,29,Red,Rice,87,10,22,Urea
