date,rainfall
1901-01-01,35.22
1901-02-01,40.50857142857143
1901-03-01,21.097142857142856
1901-04-01,46.388571428571424
1901-05-01,70.4342857142857
1901-06-01,194.60857142857142
1901-07-01,291.2085714285714
1901-08-01,301.3257142857143
1901-09-01,134.1542857142857
1901-10-01,73.69714285714286
1901-11-01,64.75714285714285
1901-12-01,10.80857142857143
1902-01-01,8.520000000000001
1902-02-01,8.305714285714288
1902-03-01,20.95142857142857
1902-04-01,45.77142857142857
1902-05-01,72.04
1902-06-01,168.82
1902-07-01,351.1457142857143
1902-08-01,239.8
1902-09-01,258.6114285714286
1902-10-01,86.71428571428571
1902-11-01,43.457142857142856
1902-12-01,33.15142857142857
1903-01-01,16.85142857142857
1903-02-01,14.342857142857143
1903-03-01,26.577142857142857
1903-04-01,16.974285714285713
1903-05-01,80.23714285714286
1903-06-01,171.98857142857145
1903-07-01,362.1085714285714
1903-08-01,299.48285714285714
1903-09-01,216.62
1903-10-01,125.3457142857143
1903-11-01,48.523529411764706
1903-12-01,22.311764705882354
1904-01-01,11.697142857142856
1904-02-01,9.391428571428571
1904-03-01,28.88
1904-04-01,41.402857142857144
1904-05-01,92.45428571428572
1904-06-01,237.4857142857143
1904-07-01,311.9714285714286
1904-08-01,217.0142857142857
1904-09-01,167.40285714285716
1904-10-01,84.55142857142857
1904-11-01,19.757142857142856
1904-12-01,14.771428571428572
1905-01-01,23.2
1905-02-01,20.47714285714286
1905-03-01,40.94
1905-04-01,34.754285714285714
1905-05-01,76.43714285714286
1905-06-01,164.8057142857143
1905-07-01,288.3142857142857
1905-08-01,246.77999999999997
1905-09-01,179.26000000000002
1905-10-01,78.16857142857143
1905-11-01,16.025714285714287
1905-12-01,17.005714285714287
1906-01-01,21.2
1906-02-01,45.83428571428571
1906-03-01,26.67142857142857
1906-04-01,16.21142857142857
1906-05-01,64.01142857142857
1906-06-01,234.05714285714285
1906-07-01,345.56571428571425
1906-08-01,289.95428571428573
1906-09-01,179.0
1906-10-01,72.14285714285714
1906-11-01,25.402857142857144
1906-12-01,27.95142857142857
1907-01-01,19.545714285714286
1907-02-01,39.51714285714286
1907-03-01,40.60857142857143
1907-04-01,66.58857142857143
1907-05-01,53.82571428571429
1907-06-01,207.61714285714288
1907-07-01,302.93142857142857
1907-08-01,338.3885714285714
1907-09-01,117.51142857142858
1907-10-01,41.16285714285714
1907-11-01,50.32857142857143
1907-12-01,20.357142857142858
1908-01-01,19.465714285714284
1908-02-01,19.43428571428571
1908-03-01,7.660000000000001
1908-04-01,37.25714285714286
1908-05-01,72.61142857142858
1908-06-01,190.37142857142857
1908-07-01,394.93142857142857
1908-08-01,326.7628571428572
1908-09-01,176.58
1908-10-01,52.857142857142854
1908-11-01,16.034285714285716
1908-12-01,13.268571428571429
1909-01-01,24.39117647058824
1909-02-01,13.450000000000001
1909-03-01,7.3999999999999995
1909-04-01,65.16470588235293
1909-05-01,69.27941176470588
1909-06-01,270.1794117647059
1909-07-01,356.40588235294115
1909-08-01,263.4617647058824
1909-09-01,176.65588235294118
1909-10-01,54.0
1909-11-01,15.197058823529414
1909-12-01,27.879411764705882
1910-01-01,12.53142857142857
1910-02-01,9.971428571428572
1910-03-01,19.66857142857143
1910-04-01,31.331428571428567
1910-05-01,58.53714285714286
1910-06-01,281.1771428571429
1910-07-01,287.3342857142857
1910-08-01,318.0542857142857
1910-09-01,226.52857142857144
1910-10-01,132.05142857142857
1910-11-01,50.52857142857143
1910-12-01,8.43142857142857
1911-01-01,38.82857142857143
1911-02-01,4.2057142857142855
1911-03-01,44.354285714285716
1911-04-01,27.517142857142858
1911-05-01,69.72571428571429
1911-06-01,258.1457142857143
1911-07-01,222.70857142857145
1911-08-01,232.73142857142858
1911-09-01,190.37714285714284
1911-10-01,97.79428571428572
1911-11-01,50.97142857142857
1911-12-01,22.554285714285715
1912-01-01,32.86
1912-02-01,20.031428571428574
1912-03-01,20.89428571428571
1912-04-01,46.32285714285714
1912-05-01,60.682857142857145
1912-06-01,182.42285714285714
1912-07-01,387.03714285714284
1912-08-01,293.9742857142857
1912-09-01,138.73714285714286
1912-10-01,85.97428571428571
1912-11-01,60.508571428571436
1912-12-01,6.859999999999999
1913-01-01,8.614285714285714
1913-02-01,36.52571428571429
1913-03-01,25.465714285714288
1913-04-01,27.225714285714286
1913-05-01,93.66
1913-06-01,280.38
1913-07-01,324.72857142857146
1913-08-01,210.93142857142857
1913-09-01,134.56285714285713
1913-10-01,94.96285714285713
1913-11-01,22.88
1913-12-01,26.014285714285716
1914-01-01,3.537142857142857
1914-02-01,26.271428571428572
1914-03-01,25.8
1914-04-01,45.78857142857142
1914-05-01,84.30571428571427
1914-06-01,213.17142857142858
1914-07-01,418.8142857142857
1914-08-01,293.7
1914-09-01,219.59428571428572
1914-10-01,67.16285714285713
1914-11-01,32.52
1914-12-01,36.55142857142857
1915-01-01,19.02285714285714
1915-02-01,35.66571428571429
1915-03-01,45.214285714285715
1915-04-01,38.794285714285714
1915-05-01,82.20571428571428
1915-06-01,210.72571428571428
1915-07-01,283.4142857142857
1915-08-01,246.58857142857144
1915-09-01,202.72857142857143
1915-10-01,106.62285714285714
1915-11-01,58.96
1915-12-01,18.097142857142856
1916-01-01,4.066666666666666
1916-02-01,17.677777777777777
1916-03-01,11.38888888888889
1916-04-01,40.77222222222222
1916-05-01,84.1
1916-06-01,304.1027777777778
1916-07-01,321.0828571428571
1916-08-01,325.125
1916-09-01,249.67499999999998
1916-10-01,159.90857142857143
1916-11-01,57.94285714285714
1916-12-01,6.48
1917-01-01,6.38
1917-02-01,39.06666666666667
1917-03-01,24.320588235294117
1917-04-01,44.642857142857146
1917-05-01,84.80571428571427
1917-06-01,287.0571428571429
1917-07-01,326.2
1917-08-01,321.06571428571425
1917-09-01,312.1485714285715
1917-10-01,181.06285714285713
1917-11-01,37.05714285714286
1917-12-01,14.517142857142858
1918-01-01,13.654285714285715
1918-02-01,3.6914285714285713
1918-03-01,36.77142857142857
1918-04-01,40.93714285714285
1918-05-01,164.90285714285716
1918-06-01,265.7371428571428
1918-07-01,217.27428571428572
1918-08-01,283.72
1918-09-01,128.9542857142857
1918-10-01,31.42571428571429
1918-11-01,58.440000000000005
1918-12-01,18.062857142857144
1919-01-01,47.349999999999994
1919-02-01,18.049999999999997
1919-03-01,17.491666666666667
1919-04-01,36.15277777777778
1919-05-01,81.28055555555555
1919-06-01,253.40833333333336
1919-07-01,358.3527777777778
1919-08-01,290.34166666666664
1919-09-01,190.0666666666667
1919-10-01,110.6
1919-11-01,65.47777777777777
1919-12-01,25.355555555555554
1920-01-01,26.200000000000003
1920-02-01,22.057142857142857
1920-03-01,58.161111111111104
1920-04-01,42.30277777777778
1920-05-01,66.41111111111111
1920-06-01,234.89444444444447
1920-07-01,338.0861111111111
1920-08-01,223.64999999999998
1920-09-01,160.84722222222223
1920-10-01,72.50277777777778
1920-11-01,42.75
1920-12-01,5.344444444444445
1921-01-01,36.42777777777778
1921-02-01,6.808333333333334
1921-03-01,19.438888888888886
1921-04-01,52.87222222222223
1921-05-01,75.21666666666667
1921-06-01,245.23333333333332
1921-07-01,359.81666666666666
1921-08-01,321.4555555555555
1921-09-01,234.31428571428572
1921-10-01,94.98055555555555
1921-11-01,23.147222222222222
1921-12-01,15.369444444444447
1922-01-01,33.81111111111111
1922-02-01,11.697222222222223
1922-03-01,13.225000000000001
1922-04-01,47.75555555555556
1922-05-01,69.64444444444445
1922-06-01,272.80277777777775
1922-07-01,386.9916666666666
1922-08-01,257.6361111111111
1922-09-01,230.49444444444447
1922-10-01,75.725
1922-11-01,79.43055555555556
1922-12-01,19.416666666666668
1923-01-01,21.897222222222222
1923-02-01,39.30833333333334
1923-03-01,21.497142857142858
1923-04-01,35.888888888888886
1923-05-01,74.66666666666667
1923-06-01,172.73611111111111
1923-07-01,425.39166666666665
1923-08-01,305.4638888888889
1923-09-01,211.58333333333334
1923-10-01,67.21666666666667
1923-11-01,26.3
1923-12-01,22.908333333333335
1924-01-01,20.9
1924-02-01,19.519444444444442
1924-03-01,13.408333333333333
1924-04-01,37.67777777777778
1924-05-01,80.4388888888889
1924-06-01,215.82777777777778
1924-07-01,409.5888888888889
1924-08-01,298.14166666666665
1924-09-01,266.0861111111111
1924-10-01,81.67500000000001
1924-11-01,66.85833333333333
1924-12-01,14.32857142857143
1925-01-01,13.480555555555556
1925-02-01,11.072222222222223
1925-03-01,17.019444444444446
1925-04-01,51.34166666666667
1925-05-01,128.04444444444445
1925-06-01,278.0416666666667
1925-07-01,340.9972222222222
1925-08-01,281.0222222222222
1925-09-01,155.90833333333333
1925-10-01,85.55833333333334
1925-11-01,50.73888888888889
1925-12-01,26.32777777777778
1926-01-01,37.59722222222222
1926-02-01,10.755555555555555
1926-03-01,55.96944444444445
1926-04-01,41.580555555555556
1926-05-01,78.13055555555555
1926-06-01,158.46388888888887
1926-07-01,384.6
1926-08-01,364.8277777777778
1926-09-01,226.78055555555557
1926-10-01,75.17777777777778
1926-11-01,18.836111111111112
1926-12-01,24.333333333333336
1927-01-01,15.27222222222222
1927-02-01,37.05555555555556
1927-03-01,23.683333333333334
1927-04-01,44.519444444444446
1927-05-01,80.70555555555556
1927-06-01,240.59722222222223
1927-07-01,401.62857142857143
1927-08-01,272.4888888888889
1927-09-01,204.16944444444445
1927-10-01,86.42
1927-11-01,65.59714285714286
1927-12-01,10.274285714285716
1928-01-01,22.658333333333335
1928-02-01,39.775000000000006
1928-03-01,22.214285714285715
1928-04-01,38.31111111111111
1928-05-01,78.28611111111111
1928-06-01,239.30277777777778
1928-07-01,357.69722222222225
1928-08-01,284.05277777777775
1928-09-01,161.3138888888889
1928-10-01,153.22500000000002
1928-11-01,27.74722222222222
1928-12-01,24.98888888888889
1929-01-01,30.224999999999998
1929-02-01,22.791666666666668
1929-03-01,19.875
1929-04-01,66.57499999999999
1929-05-01,90.11111111111111
1929-06-01,279.22222222222223
1929-07-01,332.8638888888889
1929-08-01,265.1388888888889
1929-09-01,149.46944444444443
1929-10-01,124.55000000000001
1929-11-01,28.385714285714286
1929-12-01,39.77777777777778
1930-01-01,22.552777777777777
1930-02-01,24.102777777777778
1930-03-01,28.049999999999997
1930-04-01,49.663888888888884
1930-05-01,77.32222222222222
1930-06-01,251.32500000000002
1930-07-01,309.7027777777778
1930-08-01,243.73611111111111
1930-09-01,215.21944444444443
1930-10-01,110.73888888888888
1930-11-01,63.81666666666667
1930-12-01,18.280555555555555
1931-01-01,10.817142857142857
1931-02-01,31.42777777777778
1931-03-01,20.816666666666666
1931-04-01,41.666666666666664
1931-05-01,77.65277777777777
1931-06-01,189.14166666666668
1931-07-01,403.4611111111111
1931-08-01,356.04999999999995
1931-09-01,217.70277777777778
1931-10-01,139.73055555555555
1931-11-01,47.21944444444445
1931-12-01,28.413888888888888
1932-01-01,7.383333333333334
1932-02-01,21.302777777777777
1932-03-01,19.86111111111111
1932-04-01,35.525
1932-05-01,127.75555555555555
1932-06-01,191.75428571428571
1932-07-01,379.93428571428575
1932-08-01,273.22857142857146
1932-09-01,207.67428571428573
1932-10-01,97.43428571428572
1932-11-01,71.96571428571428
1932-12-01,17.094285714285714
1933-01-01,14.988888888888889
1933-02-01,26.538888888888888
1933-03-01,21.697222222222223
1933-04-01,54.333333333333336
1933-05-01,151.9888888888889
1933-06-01,281.81944444444446
1933-07-01,350.2583333333333
1933-08-01,341.4777777777778
1933-09-01,258.2861111111111
1933-10-01,116.8138888888889
1933-11-01,29.952777777777776
1933-12-01,18.580555555555556
1934-01-01,26.17222222222222
1934-02-01,17.63888888888889
1934-03-01,16.608333333333334
1934-04-01,53.413888888888884
1934-05-01,58.03611111111112
1934-06-01,292.69166666666666
1934-07-01,330.31666666666666
1934-08-01,330.3722222222222
1934-09-01,183.60000000000002
1934-10-01,84.91111111111111
1934-11-01,43.263888888888886
1934-12-01,11.044444444444444
1935-01-01,25.36388888888889
1935-02-01,20.466666666666665
1935-03-01,17.788888888888888
1935-04-01,46.24166666666667
1935-05-01,60.58055555555555
1935-06-01,218.8111111111111
1935-07-01,353.7611111111111
1935-08-01,290.3805555555556
1935-09-01,217.3138888888889
1935-10-01,68.86111111111111
1935-11-01,28.547222222222224
1935-12-01,15.086111111111112
1936-01-01,10.572222222222223
1936-02-01,38.730555555555554
1936-03-01,38.855555555555554
1936-04-01,38.05428571428572
1936-05-01,113.51666666666667
1936-06-01,311.59444444444443
1936-07-01,350.2972222222222
1936-08-01,270.05277777777775
1936-09-01,219.1972222222222
1936-10-01,79.86388888888888
1936-11-01,65.10277777777777
1936-12-01,28.686111111111114
1937-01-01,5.933333333333334
1937-02-01,50.50277777777777
1937-03-01,17.480555555555554
1937-04-01,61.800000000000004
1937-05-01,76.29722222222222
1937-06-01,225.78611111111113
1937-07-01,407.525
1937-08-01,235.40833333333336
1937-09-01,194.07777777777778
1937-10-01,123.35833333333332
1937-11-01,30.894444444444446
1937-12-01,34.13055555555556
1938-01-01,29.019444444444446
1938-02-01,29.791666666666668
1938-03-01,31.827777777777776
1938-04-01,42.830555555555556
1938-05-01,98.21666666666667
1938-06-01,344.9527777777778
1938-07-01,350.8333333333333
1938-08-01,284.1222222222222
1938-09-01,205.45277777777778
1938-10-01,94.68055555555556
1938-11-01,33.60277777777778
1938-12-01,9.963888888888889
1939-01-01,11.922222222222222
1939-02-01,28.819444444444443
1939-03-01,27.116666666666667
1939-04-01,45.93333333333334
1939-05-01,60.15833333333333
1939-06-01,238.78333333333336
1939-07-01,327.81388888888887
1939-08-01,261.0444444444445
1939-09-01,174.25833333333333
1939-10-01,109.475
1939-11-01,41.22222222222222
1939-12-01,5.075
1940-01-01,11.733333333333333
1940-02-01,27.602777777777778
1940-03-01,50.425
1940-04-01,28.230555555555554
1940-05-01,97.73055555555555
1940-06-01,224.35555555555555
1940-07-01,364.73333333333335
1940-08-01,338.45000000000005
1940-09-01,150.18055555555554
1940-10-01,79.05277777777778
1940-11-01,53.175
1940-12-01,25.45
1941-01-01,22.71388888888889
1941-02-01,16.025
1941-03-01,16.125
1941-04-01,36.22777777777778
1941-05-01,109.625
1941-06-01,236.6361111111111
1941-07-01,277.79999999999995
1941-08-01,257.64722222222224
1941-09-01,179.69444444444446
1941-10-01,81.99444444444445
1941-11-01,36.89722222222222
1941-12-01,27.016666666666666
1942-01-01,20.294444444444444
1942-02-01,38.725
1942-03-01,21.811428571428575
1942-04-01,56.36857142857143
1942-05-01,79.79428571428572
1942-06-01,271.42
1942-07-01,396.5942857142857
1942-08-01,310.9371428571428
1942-09-01,198.54285714285714
1942-10-01,48.128571428571426
1942-11-01,20.602857142857143
1942-12-01,28.962857142857143
1943-01-01,53.857142857142854
1943-02-01,11.685714285714285
1943-03-01,28.47142857142857
1943-04-01,54.79705882352941
1943-05-01,122.74285714285715
1943-06-01,240.54285714285714
1943-07-01,359.0257142857143
1943-08-01,249.73428571428573
1943-09-01,233.44285714285715
1943-10-01,110.44571428571429
1943-11-01,26.36857142857143
1943-12-01,5.857142857142857
1944-01-01,27.771428571428572
1944-02-01,36.16857142857143
1944-03-01,53.01428571428571
1944-04-01,35.54571428571428
1944-05-01,78.97714285714287
1944-06-01,211.6657142857143
1944-07-01,396.18857142857144
1944-08-01,284.6685714285714
1944-09-01,177.07428571428574
1944-10-01,107.41142857142857
1944-11-01,38.29714285714286
1944-12-01,16.48
1945-01-01,33.231428571428566
1945-02-01,10.445714285714287
1945-03-01,17.734285714285715
1945-04-01,48.222857142857144
1945-05-01,63.591428571428565
1945-06-01,207.91142857142856
1945-07-01,396.2771428571429
1945-08-01,281.02000000000004
1945-09-01,231.46285714285713
1945-10-01,93.47142857142858
1945-11-01,24.9
1945-12-01,6.934285714285714
1946-01-01,5.855555555555556
1946-02-01,16.51111111111111
1946-03-01,25.933333333333334
1946-04-01,58.38333333333334
1946-05-01,91.47428571428571
1946-06-01,281.51714285714286
1946-07-01,373.82
1946-08-01,335.75142857142856
1946-09-01,175.55142857142857
1946-10-01,103.05428571428571
1946-11-01,80.16285714285713
1946-12-01,41.02571428571429
1947-01-01,20.62777777777778
1947-02-01,19.102777777777778
1947-03-01,30.224999999999998
1947-04-01,51.71944444444445
1947-05-01,67.92500000000001
1947-06-01,198.15555555555557
1947-07-01,377.26666666666665
1947-08-01,331.65555555555557
1947-09-01,268.0028571428572
1947-10-01,84.03055555555555
1947-11-01,9.727777777777778
1947-12-01,25.841666666666665
1948-01-01,23.237142857142857
1948-02-01,28.765714285714285
1948-03-01,38.708571428571425
1948-04-01,50.71142857142858
1948-05-01,110.32571428571427
1948-06-01,220.1
1948-07-01,401.0571428571429
1948-08-01,320.0
1948-09-01,188.21714285714287
1948-10-01,78.17428571428572
1948-11-01,81.30285714285714
1948-12-01,8.988571428571428
1949-01-01,9.827777777777778
1949-02-01,26.294444444444444
1949-03-01,22.002777777777776
1949-04-01,64.36666666666666
1949-05-01,130.84166666666667
1949-06-01,227.37777777777777
1949-07-01,401.2083333333333
1949-08-01,282.8694444444444
1949-09-01,262.0888888888889
1949-10-01,111.21388888888889
1949-11-01,13.382857142857143
1949-12-01,4.277777777777778
1950-01-01,24.425
1950-02-01,24.033333333333335
1950-03-01,34.56111111111111
1950-04-01,32.233333333333334
1950-05-01,69.59722222222223
1950-06-01,195.60857142857142
1950-07-01,400.18333333333334
1950-08-01,264.21944444444443
1950-09-01,241.80277777777778
1950-10-01,74.15277777777777
1950-11-01,31.561111111111114
1950-12-01,13.661111111111111
1951-01-01,15.794444444444444
1951-02-01,10.394444444444444
1951-03-01,41.47777777777778
1951-04-01,63.44444444444444
1951-05-01,75.70833333333333
1951-06-01,235.66944444444445
1951-07-01,330.85833333333335
1951-08-01,231.7888888888889
1951-09-01,148.67777777777778
1951-10-01,99.51111111111112
1951-11-01,44.00555555555556
1951-12-01,17.525000000000002
1952-01-01,9.286111111111111
1952-02-01,18.444444444444443
1952-03-01,37.175
1952-04-01,39.125
1952-05-01,95.8111111111111
1952-06-01,232.04722222222225
1952-07-01,321.3694444444444
1952-08-01,288.3638888888889
1952-09-01,131.71666666666667
1952-10-01,111.16111111111111
1952-11-01,17.275
1952-12-01,22.619444444444444
1953-01-01,28.741666666666667
1953-02-01,12.913888888888888
1953-03-01,26.058333333333334
1953-04-01,44.422222222222224
1953-05-01,61.383333333333326
1953-06-01,220.8111111111111
1953-07-01,411.76944444444445
1953-08-01,305.4638888888889
1953-09-01,196.1138888888889
1953-10-01,117.04571428571427
1953-11-01,20.49722222222222
1953-12-01,8.952777777777778
1954-01-01,33.02857142857143
1954-02-01,33.488571428571426
1954-03-01,18.885714285714286
1954-04-01,29.694285714285712
1954-05-01,75.18857142857142
1954-06-01,226.59142857142857
1954-07-01,379.8828571428571
1954-08-01,285.2228571428571
1954-09-01,266.5
1954-10-01,95.57142857142857
1954-11-01,6.3514285714285705
1954-12-01,18.07714285714286
1955-01-01,23.165714285714287
1955-02-01,6.22
1955-03-01,24.14857142857143
1955-04-01,39.385714285714286
1955-05-01,115.44857142857144
1955-06-01,248.28285714285713
1955-07-01,293.25714285714287
1955-08-01,342.14
1955-09-01,241.90285714285716
1955-10-01,179.34285714285716
1955-11-01,40.76285714285714
1955-12-01,9.511428571428572
1956-01-01,17.18
1956-02-01,11.82857142857143
1956-03-01,31.04857142857143
1956-04-01,39.50285714285714
1956-05-01,129.56857142857143
1956-06-01,278.9
1956-07-01,396.32
1956-08-01,279.4685714285714
1956-09-01,185.50285714285715
1956-10-01,178.7514285714286
1956-11-01,51.857142857142854
1956-12-01,12.891428571428571
1957-01-01,38.80285714285714
1957-02-01,13.205714285714285
1957-03-01,26.82857142857143
1957-04-01,36.980555555555554
1957-05-01,91.05555555555556
1957-06-01,224.06944444444446
1957-07-01,367.5055555555556
1957-08-01,307.43333333333334
1957-09-01,150.88055555555556
1957-10-01,84.79166666666667
1957-11-01,37.99444444444444
1957-12-01,16.494444444444444
1958-01-01,13.747222222222222
1958-02-01,16.063888888888886
1958-03-01,16.966666666666665
1958-04-01,39.236111111111114
1958-05-01,105.69722222222224
1958-06-01,199.875
1958-07-01,365.9583333333333
1958-08-01,377.1138888888889
1958-09-01,237.95555555555555
1958-10-01,131.59722222222223
1958-11-01,39.73888888888889
1958-12-01,16.71388888888889
1959-01-01,30.71111111111111
1959-02-01,24.219444444444445
1959-03-01,22.302777777777777
1959-04-01,33.43333333333333
1959-05-01,102.85833333333333
1959-06-01,243.0361111111111
1959-07-01,449.90277777777777
1959-08-01,288.2416666666667
1959-09-01,268.7722222222222
1959-10-01,141.73333333333332
1959-11-01,34.00555555555556
1959-12-01,9.01388888888889
1960-01-01,15.869444444444444
1960-02-01,5.477777777777778
1960-03-01,32.330555555555556
1960-04-01,26.50277777777778
1960-05-01,107.54444444444444
1960-06-01,216.55833333333334
1960-07-01,376.28333333333336
1960-08-01,263.3305555555555
1960-09-01,224.76666666666668
1960-10-01,86.44722222222222
1960-11-01,48.263888888888886
1960-12-01,10.522222222222222
1961-01-01,27.655555555555555
1961-02-01,39.49444444444444
1961-03-01,27.96388888888889
1961-04-01,32.28333333333333
1961-05-01,141.68055555555554
1961-06-01,260.86944444444447
1961-07-01,415.05833333333334
1961-08-01,331.94166666666666
1961-09-01,251.85000000000002
1961-10-01,143.64722222222224
1961-11-01,29.16111111111111
1961-12-01,15.475000000000001
1962-01-01,18.166666666666668
1962-02-01,20.825000000000003
1962-03-01,15.780555555555557
1962-04-01,46.80277777777778
1962-05-01,110.49444444444444
1962-06-01,179.17222222222222
1962-07-01,346.9777777777778
1962-08-01,333.3972222222222
1962-09-01,241.2527777777778
1962-10-01,103.125
1962-11-01,20.822857142857142
1962-12-01,42.17714285714286
1963-01-01,11.93888888888889
1963-02-01,12.613888888888889
1963-03-01,35.05833333333334
1963-04-01,50.93055555555556
1963-05-01,80.08611111111111
1963-06-01,219.30277777777778
1963-07-01,321.9194444444445
1963-08-01,383.4944444444444
1963-09-01,190.59166666666667
1963-10-01,117.85000000000001
1963-11-01,32.849999999999994
1963-12-01,19.811111111111114
1964-01-01,15.627777777777778
1964-02-01,13.663888888888888
1964-03-01,18.438888888888886
1964-04-01,42.95277777777778
1964-05-01,72.20277777777778
1964-06-01,231.9972222222222
1964-07-01,406.7611111111111
1964-08-01,315.1638888888889
1964-09-01,239.7444444444444
1964-10-01,86.76666666666667
1964-11-01,36.58888888888889
1964-12-01,14.283333333333335
1965-01-01,9.644444444444444
1965-02-01,26.63611111111111
1965-03-01,26.822222222222223
1965-04-01,43.22222222222222
1965-05-01,68.08611111111111
1965-06-01,179.2111111111111
1965-07-01,327.28333333333336
1965-08-01,240.96944444444443
1965-09-01,150.06944444444446
1965-10-01,44.208333333333336
1965-11-01,25.594444444444445
1965-12-01,47.047222222222224
1966-01-01,14.633333333333333
1966-02-01,19.59722222222222
1966-03-01,17.683333333333334
1966-04-01,31.752777777777776
1966-05-01,76.14444444444445
1966-06-01,215.16944444444442
1966-07-01,319.15277777777777
1966-08-01,237.3388888888889
1966-09-01,178.85277777777776
1966-10-01,75.76666666666667
1966-11-01,70.21111111111111
1966-12-01,27.69722222222222
1967-01-01,14.719444444444443
1967-02-01,11.408333333333333
1967-03-01,57.53055555555555
1967-04-01,31.15555555555555
1967-05-01,68.89722222222223
1967-06-01,198.4888888888889
1967-07-01,384.05555555555554
1967-08-01,292.25
1967-09-01,181.67222222222222
1967-10-01,61.8138888888889
1967-11-01,14.811111111111112
1967-12-01,50.30277777777778
1968-01-01,26.977777777777778
1968-02-01,19.38888888888889
1968-03-01,28.494444444444444
1968-04-01,38.327777777777776
1968-05-01,59.150000000000006
1968-06-01,221.13611111111112
1968-07-01,394.76944444444445
1968-08-01,228.95000000000002
1968-09-01,159.84722222222223
1968-10-01,84.53055555555555
1968-11-01,28.275
1968-12-01,15.125
1969-01-01,14.316666666666666
1969-02-01,11.722222222222221
1969-03-01,18.9
1969-04-01,42.03055555555555
1969-05-01,83.26111111111112
1969-06-01,185.56944444444446
1969-07-01,370.5027777777778
1969-08-01,297.6305555555556
1969-09-01,212.68333333333334
1969-10-01,67.25
1969-11-01,50.69166666666666
1969-12-01,18.069444444444443
1970-01-01,24.424999999999997
1970-02-01,27.266666666666666
1970-03-01,21.552777777777777
1970-04-01,35.166666666666664
1970-05-01,96.56944444444444
1970-06-01,269.64444444444445
1970-07-01,323.5027777777778
1970-08-01,363.4583333333333
1970-09-01,236.9611111111111
1970-10-01,95.06944444444444
1970-11-01,29.458333333333332
1970-12-01,7.783333333333333
1971-01-01,17.255555555555556
1971-02-01,22.072222222222223
1971-03-01,12.45
1971-04-01,57.9361111111111
1971-05-01,109.74166666666666
1971-06-01,297.5222222222222
1971-07-01,316.52777777777777
1971-08-01,305.0777777777778
1971-09-01,178.6277777777778
1971-10-01,119.70833333333333
1971-11-01,22.538888888888888
1971-12-01,17.697222222222223
1972-01-01,8.508333333333333
1972-02-01,24.744444444444444
1972-03-01,16.919444444444444
1972-04-01,42.858333333333334
1972-05-01,80.60555555555555
1972-06-01,177.94166666666666
1972-07-01,266.2138888888889
1972-08-01,230.43333333333334
1972-09-01,146.9972222222222
1972-10-01,82.69722222222222
1972-11-01,44.0
1972-12-01,24.583333333333332
1973-01-01,17.455555555555556
1973-02-01,20.41944444444444
1973-03-01,17.77777777777778
1973-04-01,30.80833333333333
1973-05-01,78.87222222222222
1973-06-01,213.59722222222223
1973-07-01,309.18888888888887
1973-08-01,337.31388888888887
1973-09-01,193.58888888888887
1973-10-01,128.53055555555557
1973-11-01,32.40277777777778
1973-12-01,25.880555555555556
1974-01-01,13.350000000000001
1974-02-01,10.844444444444443
1974-03-01,21.11111111111111
1974-04-01,46.575
1974-05-01,88.53055555555555
1974-06-01,164.4972222222222
1974-07-01,362.5416666666667
1974-08-01,275.7527777777778
1974-09-01,180.5861111111111
1974-10-01,119.86666666666666
1974-11-01,21.066666666666666
1974-12-01,10.863888888888889
1975-01-01,22.077777777777776
1975-02-01,18.605555555555554
1975-03-01,23.805555555555557
1975-04-01,31.83888888888889
1975-05-01,73.69722222222222
1975-06-01,254.5861111111111
1975-07-01,353.2472222222222
1975-08-01,318.09722222222223
1975-09-01,263.94722222222225
1975-10-01,143.76944444444445
1975-11-01,39.86388888888889
1975-12-01,6.777777777777778
1976-01-01,9.019444444444444
1976-02-01,21.491666666666667
1976-03-01,22.95
1976-04-01,44.50833333333333
1976-05-01,68.11111111111111
1976-06-01,204.88055555555556
1976-07-01,357.3722222222222
1976-08-01,324.3333333333333
1976-09-01,158.02499999999998
1976-10-01,46.8
1976-11-01,71.41944444444444
1976-12-01,16.13888888888889
1977-01-01,18.475
1977-02-01,11.980555555555556
1977-03-01,15.61111111111111
1977-04-01,72.76111111111112
1977-05-01,109.38611111111112
1977-06-01,242.95833333333334
1977-07-01,388.0138888888889
1977-08-01,270.15555555555557
1977-09-01,169.15555555555557
1977-10-01,109.1
1977-11-01,83.07777777777778
1977-12-01,16.85
1978-01-01,13.352777777777778
1978-02-01,25.644444444444446
1978-03-01,39.94444444444444
1978-04-01,38.74166666666667
1978-05-01,97.03333333333333
1978-06-01,291.6361111111111
1978-07-01,345.59444444444443
1978-08-01,307.7888888888889
1978-09-01,184.2388888888889
1978-10-01,63.875
1978-11-01,62.916666666666664
1978-12-01,18.15
1979-01-01,20.669444444444444
1979-02-01,31.72222222222222
1979-03-01,24.458333333333332
1979-04-01,24.041666666666668
1979-05-01,56.19444444444444
1979-06-01,190.55277777777778
1979-07-01,302.8277777777778
1979-08-01,234.44166666666666
1979-09-01,163.08333333333334
1979-10-01,67.80555555555556
1979-11-01,86.14722222222223
1979-12-01,15.558333333333334
1980-01-01,11.377777777777776
1980-02-01,18.519444444444446
1980-03-01,31.355555555555554
1980-04-01,41.17777777777778
1980-05-01,84.33055555555556
1980-06-01,290.2916666666667
1980-07-01,355.1194444444444
1980-08-01,314.8861111111111
1980-09-01,156.73055555555555
1980-10-01,68.32777777777777
1980-11-01,31.5
1980-12-01,33.297222222222224
1981-01-01,25.855555555555554
1981-02-01,19.319444444444443
1981-03-01,43.06388888888889
1981-04-01,43.075
1981-05-01,88.025
1981-06-01,229.9944444444444
1981-07-01,357.74444444444447
1981-08-01,288.19166666666666
1981-09-01,218.1888888888889
1981-10-01,58.666666666666664
1981-11-01,39.68611111111111
1981-12-01,19.63888888888889
1982-01-01,21.019444444444446
1982-02-01,21.28611111111111
1982-03-01,43.59722222222222
1982-04-01,54.202777777777776
1982-05-01,72.05000000000001
1982-06-01,195.91944444444442
1982-07-01,295.84722222222223
1982-08-01,317.93888888888887
1982-09-01,141.4388888888889
1982-10-01,59.78055555555555
1982-11-01,53.83611111111111
1982-12-01,13.216666666666667
1983-01-01,17.969444444444445
1983-02-01,22.133333333333333
1983-03-01,36.43611111111111
1983-04-01,56.03055555555556
1983-05-01,85.36388888888888
1983-06-01,200.8111111111111
1983-07-01,339.2388888888889
1983-08-01,361.9944444444444
1983-09-01,287.15277777777777
1983-10-01,98.31944444444444
1983-11-01,20.36111111111111
1983-12-01,25.44722222222222
1984-01-01,21.174999999999997
1984-02-01,39.03333333333333
1984-03-01,24.602777777777778
1984-04-01,51.24444444444444
1984-05-01,75.96944444444445
1984-06-01,263.27777777777777
1984-07-01,349.3527777777778
1984-08-01,261.2555555555556
1984-09-01,163.4388888888889
1984-10-01,87.78888888888889
1984-11-01,21.672222222222224
1984-12-01,25.369444444444444
1985-01-01,20.413888888888888
1985-02-01,9.780555555555557
1985-03-01,21.955555555555556
1985-04-01,40.763888888888886
1985-05-01,83.08333333333333
1985-06-01,236.42777777777778
1985-07-01,324.7416666666667
1985-08-01,263.71666666666664
1985-09-01,166.65555555555557
1985-10-01,129.49166666666667
1985-11-01,25.969444444444445
1985-12-01,26.52777777777778
1986-01-01,13.247222222222222
1986-02-01,30.422222222222224
1986-03-01,23.23611111111111
1986-04-01,48.38055555555556
1986-05-01,63.33888888888888
1986-06-01,238.7277777777778
1986-07-01,279.2111111111111
1986-08-01,264.68611111111113
1986-09-01,156.98333333333332
1986-10-01,84.88333333333334
1986-11-01,55.40833333333333
1986-12-01,24.280555555555555
1987-01-01,14.036111111111111
1987-02-01,18.75277777777778
1987-03-01,24.93888888888889
1987-04-01,44.075
1987-05-01,72.86666666666667
1987-06-01,189.2
1987-07-01,253.2611111111111
1987-08-01,300.4944444444444
1987-09-01,172.27222222222224
1987-10-01,110.40277777777777
1987-11-01,54.69722222222222
1987-12-01,33.53888888888889
1988-01-01,6.958333333333333
1988-02-01,25.572222222222223
1988-03-01,47.65277777777778
1988-04-01,47.81388888888889
1988-05-01,92.62777777777778
1988-06-01,204.84722222222223
1988-07-01,445.6388888888889
1988-08-01,350.0111111111111
1988-09-01,265.64444444444445
1988-10-01,66.79444444444444
1988-11-01,33.49722222222223
1988-12-01,18.413888888888888
1989-01-01,16.91111111111111
1989-02-01,13.466666666666667
1989-03-01,25.625
1989-04-01,37.28055555555555
1989-05-01,75.22222222222223
1989-06-01,249.13888888888889
1989-07-01,351.8777777777778
1989-08-01,268.80833333333334
1989-09-01,192.51388888888889
1989-10-01,73.47222222222223
1989-11-01,28.21666666666667
1989-12-01,15.27222222222222
1990-01-01,11.691666666666666
1990-02-01,39.85277777777778
1990-03-01,47.458333333333336
1990-04-01,45.41111111111111
1990-05-01,151.6138888888889
1990-06-01,244.5055555555556
1990-07-01,338.93611111111113
1990-08-01,339.23333333333335
1990-09-01,210.69722222222222
1990-10-01,117.83333333333333
1990-11-01,43.61666666666667
1990-12-01,23.458333333333332
1991-01-01,12.394444444444444
1991-02-01,21.1
1991-03-01,25.444444444444443
1991-04-01,50.72777777777778
1991-05-01,83.90277777777777
1991-06-01,262.59166666666664
1991-07-01,351.7111111111111
1991-08-01,296.92777777777775
1991-09-01,160.175
1991-10-01,80.98888888888888
1991-11-01,34.44444444444444
1991-12-01,19.827777777777776
1992-01-01,18.266666666666666
1992-02-01,18.352777777777778
1992-03-01,21.211111111111112
1992-04-01,23.77777777777778
1992-05-01,72.84444444444445
1992-06-01,201.03611111111113
1992-07-01,323.78055555555557
1992-08-01,330.4138888888889
1992-09-01,180.45277777777778
1992-10-01,80.15555555555555
1992-11-01,50.07222222222222
1992-12-01,4.805555555555555
1993-01-01,16.01111111111111
1993-02-01,22.477777777777778
1993-03-01,38.87222222222223
1993-04-01,30.602777777777778
1993-05-01,84.45277777777778
1993-06-01,213.89444444444447
1993-07-01,379.1444444444444
1993-08-01,239.90277777777777
1993-09-01,229.8388888888889
1993-10-01,116.51666666666668
1993-11-01,40.150000000000006
1993-12-01,19.072222222222223
1994-01-01,21.275
1994-02-01,27.424999999999997
1994-03-01,29.22222222222222
1994-04-01,54.16111111111111
1994-05-01,70.02777777777777
1994-06-01,263.35
1994-07-01,408.2555555555556
1994-08-01,310.65277777777777
1994-09-01,172.35833333333332
1994-10-01,102.95555555555556
1994-11-01,34.68888888888889
1994-12-01,12.480555555555556
1995-01-01,33.18055555555556
1995-02-01,25.833333333333332
1995-03-01,25.533333333333335
1995-04-01,40.91111111111111
1995-05-01,103.14166666666667
1995-06-01,196.85555555555555
1995-07-01,387.30277777777775
1995-08-01,314.8611111111111
1995-09-01,217.67777777777778
1995-10-01,94.82777777777778
1995-11-01,53.19722222222222
1995-12-01,7.727777777777778
1996-01-01,21.211111111111112
1996-02-01,21.461111111111112
1996-03-01,27.455555555555556
1996-04-01,35.46944444444445
1996-05-01,70.37777777777778
1996-06-01,236.6277777777778
1996-07-01,329.1388888888889
1996-08-01,312.6694444444445
1996-09-01,182.43333333333334
1996-10-01,117.5
1996-11-01,21.355555555555554
1996-12-01,24.48611111111111
1997-01-01,12.658333333333333
1997-02-01,9.63888888888889
1997-03-01,27.930555555555557
1997-04-01,45.150000000000006
1997-05-01,60.12222222222223
1997-06-01,226.375
1997-07-01,368.1305555555556
1997-08-01,304.2888888888889
1997-09-01,172.61944444444444
1997-10-01,69.85
1997-11-01,69.57222222222222
1997-12-01,49.858333333333334
1998-01-01,15.483333333333333
1998-02-01,27.177777777777777
1998-03-01,42.29444444444445
1998-04-01,40.672222222222224
1998-05-01,70.20833333333333
1998-06-01,239.84166666666664
1998-07-01,345.40555555555557
1998-08-01,293.0833333333333
1998-09-01,240.26944444444447
1998-10-01,143.60833333333335
1998-11-01,49.40277777777778
1998-12-01,19.327777777777776
1999-01-01,15.791666666666666
1999-02-01,10.56388888888889
1999-03-01,9.219444444444443
1999-04-01,30.033333333333335
1999-05-01,131.50555555555556
1999-06-01,231.3861111111111
1999-07-01,344.40833333333336
1999-08-01,242.72222222222223
1999-09-01,192.6361111111111
1999-10-01,149.55277777777778
1999-11-01,21.59722222222222
1999-12-01,8.633333333333333
2000-01-01,19.033333333333335
2000-02-01,27.75142857142857
2000-03-01,22.922222222222224
2000-04-01,47.36388888888889
2000-05-01,106.33055555555556
2000-06-01,246.0222222222222
2000-07-01,301.725
2000-08-01,279.7388888888889
2000-09-01,159.0388888888889
2000-10-01,63.541666666666664
2000-11-01,19.869444444444447
2000-12-01,11.877777777777778
2001-01-01,9.994444444444445
2001-02-01,10.941666666666666
2001-03-01,24.697222222222223
2001-04-01,53.577777777777776
2001-05-01,98.44166666666666
2001-06-01,262.4777777777778
2001-07-01,305.9611111111111
2001-08-01,242.80833333333334
2001-09-01,136.4888888888889
2001-10-01,119.57222222222224
2001-11-01,29.28888888888889
2001-12-01,8.469444444444443
2002-01-01,16.544444444444444
2002-02-01,19.663888888888888
2002-03-01,24.563888888888886
2002-04-01,48.641666666666666
2002-05-01,85.84722222222223
2002-06-01,224.17222222222222
2002-07-01,184.23611111111111
2002-08-01,276.9166666666667
2002-09-01,152.82222222222222
2002-10-01,80.61388888888888
2002-11-01,26.56111111111111
2002-12-01,8.26388888888889
2003-01-01,8.733333333333333
2003-02-01,35.13055555555556
2003-03-01,37.675
2003-04-01,39.58611111111111
2003-05-01,53.230555555555554
2003-06-01,224.91111111111113
2003-07-01,359.1027777777778
2003-08-01,264.3861111111111
2003-09-01,182.10833333333332
2003-10-01,116.33611111111112
2003-11-01,17.791666666666668
2003-12-01,15.427777777777777
2004-01-01,21.569444444444443
2004-02-01,9.427777777777777
2004-03-01,13.891666666666667
2004-04-01,54.88333333333333
2004-05-01,118.11111111111111
2004-06-01,221.88055555555556
2004-07-01,290.9
2004-08-01,285.5388888888889
2004-09-01,147.8361111111111
2004-10-01,105.01111111111112
2004-11-01,24.73888888888889
2004-12-01,4.919444444444444
2005-01-01,30.15555555555555
2005-02-01,34.56388888888889
2005-03-01,40.99444444444444
2005-04-01,45.202777777777776
2005-05-01,65.05277777777778
2005-06-01,201.71944444444443
2005-07-01,393.3527777777778
2005-08-01,230.80555555555554
2005-09-01,237.5861111111111
2005-10-01,117.78611111111111
2005-11-01,40.25833333333333
2005-12-01,18.93333333333333
2006-01-01,12.294444444444444
2006-02-01,9.341666666666667
2006-03-01,34.61388888888889
2006-04-01,37.06944444444444
2006-05-01,122.7611111111111
2006-06-01,207.46944444444443
2006-07-01,339.3388888888889
2006-08-01,305.18055555555554
2006-09-01,211.98611111111111
2006-10-01,77.23888888888888
2006-11-01,38.45
2006-12-01,11.080555555555556
2007-01-01,2.4361111111111113
2007-02-01,34.830555555555556
2007-03-01,28.65277777777778
2007-04-01,42.294444444444444
2007-05-01,72.11666666666666
2007-06-01,270.4
2007-07-01,363.04999999999995
2007-08-01,310.5
2007-09-01,270.6111111111111
2007-10-01,76.21666666666667
2007-11-01,24.00277777777778
2007-12-01,18.952777777777776
2008-01-01,19.419444444444444
2008-02-01,17.788888888888888
2008-03-01,50.40555555555555
2008-04-01,40.50555555555556
2008-05-01,69.5611111111111
2008-06-01,259.40833333333336
2008-07-01,293.2722222222222
2008-08-01,307.0861111111111
2008-09-01,192.55277777777778
2008-10-01,71.02222222222221
2008-11-01,33.34444444444445
2008-12-01,13.024999999999999
2009-01-01,8.241666666666667
2009-02-01,10.633333333333333
2009-03-01,17.09722222222222
2009-04-01,30.67777777777778
2009-05-01,79.55000000000001
2009-06-01,137.04722222222222
2009-07-01,342.42571428571426
2009-08-01,220.29166666666666
2009-09-01,174.61666666666667
2009-10-01,93.45555555555556
2009-11-01,61.28000000000001
2009-12-01,15.371428571428572
2010-01-01,9.983333333333334
2010-02-01,12.83611111111111
2010-03-01,18.569444444444443
2010-04-01,49.31388888888889
2010-05-01,86.35277777777777
2010-06-01,202.61944444444444
2010-07-01,361.225
2010-08-01,305.7277777777778
2010-09-01,221.625
2010-10-01,95.56944444444444
2010-11-01,75.04444444444444
2010-12-01,29.349999999999998
2011-01-01,14.341666666666665
2011-02-01,22.769444444444446
2011-03-01,27.744444444444447
2011-04-01,49.325
2011-05-01,71.5611111111111
2011-06-01,241.1027777777778
2011-07-01,314.7111111111111
2011-08-01,329.39166666666665
2011-09-01,225.7888888888889
2011-10-01,53.425
2011-11-01,29.858333333333334
2011-12-01,12.930555555555555
2012-01-01,27.485714285714284
2012-02-01,9.663888888888888
2012-03-01,11.891666666666667
2012-04-01,58.24166666666666
2012-05-01,50.24444444444444
2012-06-01,183.30833333333334
2012-07-01,295.34722222222223
2012-08-01,296.5055555555556
2012-09-01,234.80833333333334
2012-10-01,76.62777777777778
2012-11-01,38.75555555555555
2012-12-01,13.538888888888888
2013-01-01,12.108333333333333
2013-02-01,36.56388888888889
2013-03-01,17.477777777777778
2013-04-01,31.599999999999998
2013-05-01,82.80277777777778
2013-06-01,297.4194444444445
2013-07-01,372.56666666666666
2013-08-01,264.3388888888889
2013-09-01,179.2472222222222
2013-10-01,144.8138888888889
2013-11-01,27.391666666666666
2013-12-01,8.819444444444445
2014-01-01,16.180555555555557
2014-02-01,25.647222222222226
2014-03-01,29.44166666666667
2014-04-01,22.052777777777777
2014-05-01,91.01388888888889
2014-06-01,142.2611111111111
2014-07-01,309.73333333333335
2014-08-01,291.225
2014-09-01,198.3722222222222
2014-10-01,81.15277777777777
2014-11-01,21.113888888888887
2014-12-01,16.166666666666668
2015-01-01,19.052777777777777
2015-02-01,16.825
2015-03-01,51.730555555555554
2015-04-01,76.225
2015-05-01,75.525
2015-06-01,239.35555555555553
2015-07-01,269.8722222222222
2015-08-01,235.7138888888889
2015-09-01,158.0611111111111
2015-10-01,61.23055555555556
2015-11-01,55.56666666666667
2015-12-01,21.41111111111111
